92,9,52,8/8/2021
99,14,90,8/7/2021
55,29,70,8/6/2021
58,11,70,8/5/2021
97,52,4,8/4/2021
81,91,65,8/3/2021
63,7,44,8/2/2021
74,34,8,8/1/2021
51,8,28,7/31/2021
46,95,11,7/30/2021
5,69,37,7/29/2021
53,65,67,7/28/2021
92,71,69,7/27/2021
81,43,6,7/26/2021
54,36,72,7/25/2021
23,45,69,7/24/2021
2,50,93,7/23/2021
64,58,28,7/22/2021
6,96,80,7/21/2021
83,0,64,7/20/2021
1,95,75,7/19/2021
11,83,45,7/18/2021
19,72,43,7/17/2021
65,61,82,7/16/2021
11,32,11,7/15/2021
41,15,11,7/14/2021
11,24,39,7/13/2021
76,79,2,7/12/2021
53,35,76,7/11/2021
77,49,80,7/10/2021
54,31,57,7/9/2021
48,61,46,7/8/2021
47,52,10,7/7/2021
5,90,22,7/6/2021
87,46,86,7/5/2021
60,34,78,7/4/2021
66,32,65,7/3/2021
25,70,49,7/2/2021
86,93,7,7/1/2021
76,10,14,6/30/2021
90,17,20,6/29/2021
5,13,10,6/28/2021
25,7,1,6/27/2021
79,1,89,6/26/2021
86,59,27,6/25/2021
23,27,12,6/24/2021
97,60,9,6/23/2021
66,46,38,6/22/2021
92,37,87,6/21/2021
0,88,80,6/20/2021
58,85,43,6/19/2021
82,3,61,6/18/2021
78,65,21,6/17/2021
38,29,26,6/16/2021
84,14,89,6/15/2021
99,35,32,6/14/2021
67,24,21,6/13/2021
85,47,64,6/12/2021
85,47,64,6/11/2021
62,66,85,6/10/2021
93,92,41,6/9/2021
93,8,81,6/8/2021
52,58,18,6/7/2021
63,5,16,6/6/2021
63,5,16,6/5/2021
63,5,16,6/4/2021
92,21,38,6/3/2021
39,9,48,6/2/2021
91,5,92,6/1/2021
92,20,53,5/31/2021
55,20,33,5/30/2021
43,36,10,5/29/2021
98,81,91,5/28/2021
47,5,11,5/27/2021
35,7,64,5/26/2021
22,70,8,5/25/2021
79,80,88,5/24/2021
93,93,51,5/23/2021
95,25,25,5/22/2021
70,63,29,5/21/2021
86,25,95,5/20/2021
75,80,94,5/19/2021
83,90,58,5/18/2021
16,90,45,5/17/2021
26,71,19,5/16/2021
99,26,80,5/15/2021
63,8,37,5/14/2021
23,17,10,5/13/2021
65,96,53,5/12/2021
62,94,19,5/11/2021
27,49,89,5/10/2021
97,69,61,5/9/2021
78,0,44,5/8/2021
42,73,81,5/7/2021
19,17,66,5/6/2021
7,26,29,5/5/2021
39,37,10,5/4/2021
40,33,30,5/3/2021
66,24,73,5/2/2021
13,69,13,5/1/2021
81,78,52,4/30/2021
2,75,8,4/29/2021
29,84,4,4/28/2021
50,72,96,4/27/2021
69,86,26,4/26/2021
99,80,0,4/25/2021
68,46,66,4/24/2021
66,59,73,4/23/2021
95,83,63,4/22/2021
71,60,56,4/21/2021
35,55,23,4/20/2021
29,0,84,4/19/2021
25,83,2,4/18/2021
97,48,95,4/17/2021
84,95,81,4/16/2021
60,88,73,4/15/2021
15,92,46,4/14/2021
31,21,69,4/13/2021
22,56,12,4/12/2021
36,84,59,4/11/2021
2,60,98,4/10/2021
18,46,32,4/9/2021
5,56,33,4/8/2021
67,26,37,4/7/2021
87,92,2,4/6/2021
63,48,69,4/5/2021
80,19,9,4/4/2021
91,80,36,4/3/2021
91,80,36,4/2/2021
91,80,36,4/1/2021
91,80,36,3/31/2021
11,19,85,3/30/2021
23,42,33,3/29/2021
17,83,73,3/28/2021
63,45,11,3/27/2021
57,70,69,3/26/2021
49,2,8,3/25/2021
35,27,99,3/24/2021
60,50,81,3/23/2021
35,12,18,3/22/2021
97,53,33,3/21/2021
31,92,55,3/20/2021
37,11,13,3/19/2021
13,71,34,3/18/2021
34,56,61,3/17/2021
61,77,92,3/16/2021
22,62,60,3/15/2021
7,25,81,3/14/2021
47,64,98,3/13/2021
82,66,35,3/12/2021
63,37,94,3/11/2021
31,65,90,3/10/2021
6,56,58,3/9/2021
63,83,43,3/8/2021
16,5,33,3/7/2021
16,5,33,3/6/2021
15,53,49,3/5/2021
77,78,45,3/4/2021
30,97,36,3/3/2021
45,86,95,3/2/2021
14,1,77,3/1/2021
83,86,13,2/28/2021
83,86,13,2/27/2021
83,86,13,2/26/2021
66,42,5,2/25/2021
29,37,45,2/24/2021
63,42,49,2/23/2021
60,51,7,2/22/2021
79,98,6,2/21/2021
79,98,6,2/20/2021
27,76,20,2/19/2021
93,42,79,2/18/2021
70,40,48,2/17/2021
48,81,6,2/16/2021
46,21,31,2/15/2021
85,47,19,2/14/2021
85,47,19,2/13/2021
10,4,88,2/12/2021
93,53,71,2/11/2021
45,21,36,2/10/2021
95,48,32,2/9/2021
97,35,13,2/8/2021
46,83,34,2/7/2021
46,83,34,2/6/2021
6,59,78,2/5/2021
70,69,98,2/4/2021
41,30,78,2/3/2021
49,14,17,2/2/2021
67,76,41,2/1/2021
61,62,67,1/31/2021
61,62,67,1/30/2021
61,62,67,1/29/2021
48,35,71,1/28/2021
7,87,75,1/27/2021
17,49,29,1/26/2021
65,30,12,1/25/2021
46,2,17,1/24/2021
46,2,17,1/23/2021
46,2,17,1/22/2021
87,67,7,1/21/2021
87,67,7,1/20/2021
75,89,48,1/19/2021
79,80,38,1/18/2021
83,50,12,1/17/2021
83,50,12,1/16/2021
83,50,12,1/15/2021
15,89,10,1/14/2021
52,88,95,1/13/2021
13,95,64,1/12/2021
26,55,5,1/11/2021
95,73,62,1/10/2021
95,73,62,1/9/2021
95,73,62,1/8/2021
50,38,39,1/7/2021
96,17,6,1/6/2021
22,80,30,1/5/2021
32,85,29,1/4/2021
14,32,7,1/3/2021
14,32,7,1/2/2021
14,32,7,1/1/2021
14,32,7,12/31/2020
14,32,7,12/30/2020
70,69,17,12/29/2020
55,47,61,12/28/2020
79,74,80,12/27/2020
58,24,21,12/26/2020
50,39,97,12/25/2020
50,39,97,12/24/2020
50,39,97,12/23/2020
73,12,96,12/22/2020
8,93,56,12/21/2020
88,68,91,12/20/2020
53,29,89,12/19/2020
49,49,19,12/18/2020
38,58,18,12/17/2020
91,19,23,12/16/2020
26,25,29,12/15/2020
26,76,98,12/14/2020
14,60,18,12/13/2020
2,94,71,12/12/2020
14,68,2,12/11/2020
85,54,61,12/10/2020
45,54,43,12/9/2020
86,77,51,12/8/2020
12,12,49,12/7/2020
20,7,43,12/6/2020
51,88,56,12/5/2020
7,62,1,12/4/2020
12,10,54,12/3/2020
30,64,1,12/2/2020
11,35,13,12/1/2020
36,61,37,11/30/2020
53,46,71,11/29/2020
17,4,11,11/28/2020
66,40,68,11/27/2020
81,98,84,11/26/2020
12,57,64,11/25/2020
75,73,92,11/24/2020
43,90,0,11/23/2020
18,40,23,11/22/2020
64,0,36,11/21/2020
92,35,56,11/20/2020
85,44,76,11/19/2020
96,95,83,11/18/2020
78,25,37,11/17/2020
85,75,1,11/16/2020
1,33,87,11/15/2020
75,94,20,11/14/2020
19,13,37,11/13/2020
90,88,46,11/12/2020
7,43,28,11/11/2020
77,69,46,11/10/2020
74,68,42,11/9/2020
11,28,44,11/8/2020
65,72,0,11/7/2020
93,70,82,11/6/2020
33,55,19,11/5/2020
79,57,52,11/4/2020
74,11,81,11/3/2020
86,91,31,11/2/2020
47,69,14,11/1/2020
44,47,9,10/31/2020
87,32,14,10/30/2020
20,3,75,10/29/2020
15,6,86,10/28/2020
45,7,23,10/27/2020
73,91,91,10/26/2020
12,53,99,10/25/2020
45,60,42,10/24/2020
24,1,17,10/23/2020
4,58,51,10/22/2020
29,16,94,10/21/2020
47,98,56,10/20/2020
53,53,50,10/19/2020
38,86,8,10/18/2020
43,40,22,10/17/2020
74,79,92,10/16/2020
17,48,46,10/15/2020
89,5,39,10/14/2020
41,86,41,10/13/2020
45,55,51,10/12/2020
42,91,80,10/11/2020
14,43,57,10/10/2020
49,24,4,10/9/2020
91,28,80,10/8/2020
93,30,34,10/7/2020
45,39,58,10/6/2020
61,20,12,10/5/2020
68,82,12,10/4/2020
11,66,0,10/3/2020
57,47,62,10/2/2020
33,60,26,10/1/2020
78,38,56,9/30/2020
77,61,25,9/29/2020
95,95,36,9/28/2020
1,57,99,9/27/2020
95,53,14,9/26/2020
44,86,41,9/25/2020
38,83,82,9/24/2020
38,83,82,9/23/2020
91,90,0,9/22/2020
16,81,83,9/21/2020
76,75,86,9/20/2020
1,29,95,9/19/2020
37,95,18,9/18/2020
66,11,90,9/17/2020
71,31,1,9/16/2020
94,11,41,9/15/2020
69,43,66,9/14/2020
92,60,70,9/13/2020
23,25,36,9/12/2020
29,31,35,9/11/2020
84,95,45,9/10/2020
42,86,50,9/9/2020
62,70,12,9/8/2020
29,30,34,9/7/2020
77,87,53,9/6/2020
20,48,8,9/5/2020
71,51,88,9/4/2020
71,29,86,9/3/2020
20,25,60,9/2/2020
96,84,34,9/1/2020
31,74,22,8/31/2020
59,42,72,8/30/2020
69,27,20,8/29/2020
24,70,1,8/28/2020
92,82,61,8/27/2020
46,84,77,8/26/2020
36,84,82,8/25/2020
66,78,30,8/24/2020
83,97,16,8/23/2020
31,97,64,8/22/2020
94,75,29,8/21/2020
30,46,52,8/20/2020
64,38,15,8/19/2020
78,15,19,8/18/2020
89,38,4,8/17/2020
16,10,1,8/16/2020
16,10,1,8/15/2020
96,78,88,8/14/2020
80,11,28,8/13/2020
99,56,92,8/12/2020
23,49,98,8/11/2020
59,39,47,8/10/2020
83,8,54,8/9/2020
24,61,47,8/8/2020
44,23,33,8/7/2020
55,53,14,8/6/2020
69,22,83,8/5/2020
27,85,22,8/4/2020
41,11,80,8/3/2020
75,57,40,8/2/2020
9,3,70,8/1/2020
37,47,46,7/31/2020
11,91,57,7/30/2020
99,55,2,7/29/2020
0,6,25,7/28/2020
89,2,17,7/27/2020
3,74,48,7/26/2020
55,28,95,7/25/2020
36,77,0,7/24/2020
21,45,92,7/23/2020
18,71,73,7/22/2020
66,35,12,7/21/2020
56,41,20,7/20/2020
90,15,6,7/19/2020
51,46,88,7/18/2020
57,6,85,7/17/2020
45,53,28,7/16/2020
60,84,49,7/15/2020
10,46,70,7/14/2020
61,63,14,7/13/2020
43,84,97,7/12/2020
15,79,69,7/11/2020
26,61,98,7/10/2020
54,94,99,7/9/2020
77,3,82,7/8/2020
36,86,84,7/7/2020
83,77,99,7/6/2020
23,46,39,7/5/2020
23,46,39,7/4/2020
78,95,3,7/3/2020
12,41,34,7/2/2020
37,52,84,7/1/2020
54,80,27,6/30/2020
89,44,36,6/29/2020
80,34,76,6/28/2020
72,66,34,6/27/2020
94,41,13,6/26/2020
49,90,53,6/25/2020
39,51,63,6/24/2020
6,65,79,6/23/2020
50,42,0,6/22/2020
18,41,65,6/21/2020
36,87,44,6/20/2020
93,16,2,6/19/2020
18,9,11,6/18/2020
60,12,11,6/17/2020
95,14,42,6/16/2020
70,3,61,6/15/2020
24,54,39,6/14/2020
94,42,89,6/13/2020
52,56,30,6/12/2020
95,27,21,6/11/2020
71,16,61,6/10/2020
43,46,11,6/9/2020
32,57,7,6/8/2020
32,57,37,6/7/2020
5,82,86,6/6/2020
81,11,60,6/5/2020
4,76,99,6/4/2020
48,89,88,6/3/2020
55,40,94,6/2/2020
55,40,94,6/1/2020
55,40,94,5/31/2020
55,40,94,5/30/2020
55,40,94,5/29/2020
55,40,94,5/28/2020
55,40,94,5/27/2020
55,40,94,5/26/2020
55,40,94,5/25/2020
55,40,94,5/24/2020
55,40,94,5/23/2020
55,40,94,5/22/2020
55,40,94,5/21/2020
55,40,94,5/20/2020
55,40,94,5/19/2020
55,40,94,5/18/2020
55,40,94,5/17/2020
55,40,94,5/16/2020
55,40,94,5/15/2020
55,40,94,5/14/2020
55,40,94,5/13/2020
55,40,94,5/12/2020
55,40,94,5/11/2020
55,40,94,5/10/2020
55,40,94,5/9/2020
55,40,94,5/8/2020
55,40,94,5/7/2020
55,40,94,5/6/2020
55,40,94,5/5/2020
55,40,94,5/4/2020
55,40,94,5/3/2020
55,40,94,5/2/2020
55,40,94,5/1/2020
55,40,94,4/30/2020
55,40,94,4/29/2020
55,40,94,4/28/2020
55,40,94,4/27/2020
55,40,94,4/26/2020
55,40,94,4/25/2020
55,40,94,4/24/2020
55,40,94,4/23/2020
55,40,94,4/22/2020
55,40,94,4/21/2020
55,40,94,4/20/2020
55,40,94,4/19/2020
55,40,94,4/18/2020
55,40,94,4/17/2020
55,40,94,4/16/2020
55,40,94,4/15/2020
55,40,94,4/14/2020
55,40,94,4/13/2020
55,40,94,4/12/2020
55,40,94,4/11/2020
55,40,94,4/10/2020
55,40,94,4/9/2020
55,40,94,4/8/2020
55,40,94,4/7/2020
55,40,94,4/6/2020
55,40,94,4/5/2020
55,40,94,4/4/2020
55,40,94,4/3/2020
55,40,94,4/2/2020
55,40,94,4/1/2020
55,40,94,3/31/2020
55,40,94,3/30/2020
55,40,94,3/29/2020
55,40,94,3/28/2020
55,40,94,3/27/2020
55,40,94,3/26/2020
55,40,94,3/25/2020
55,40,94,3/24/2020
55,40,94,3/23/2020
55,40,94,3/22/2020
55,40,94,3/21/2020
55,40,94,3/20/2020
55,40,94,3/19/2020
55,40,94,3/18/2020
77,5,93,3/17/2020
37,48,91,3/16/2020
62,0,21,3/15/2020
62,0,21,3/14/2020
92,42,78,3/13/2020
52,17,56,3/12/2020
86,52,78,3/11/2020
70,59,88,3/10/2020
93,98,55,3/9/2020
24,65,93,3/8/2020
7,25,3,3/7/2020
1,51,32,3/6/2020
41,71,37,3/5/2020
93,53,93,3/4/2020
96,98,76,3/3/2020
44,25,81,3/2/2020
99,78,70,3/1/2020
64,87,39,2/29/2020
61,42,2,2/28/2020
74,55,90,2/27/2020
74,55,90,2/26/2020
24,50,91,2/25/2020
90,10,34,2/24/2020
74,95,6,2/23/2020
92,89,28,2/22/2020
35,22,6,2/21/2020
2,14,48,2/20/2020
95,61,6,2/19/2020
15,19,45,2/18/2020
62,75,1,2/17/2020
94,39,47,2/16/2020
94,39,47,2/15/2020
13,87,31,2/14/2020
65,98,83,2/13/2020
5,58,93,2/12/2020
96,85,46,2/11/2020
19,13,41,2/10/2020
31,5,57,2/9/2020
14,24,60,2/8/2020
55,52,5,2/7/2020
9,32,47,2/6/2020
60,63,78,2/5/2020
37,72,42,2/4/2020
92,3,29,2/3/2020
9,17,4,2/2/2020
98,75,76,2/1/2020
56,89,13,1/31/2020
97,52,99,1/30/2020
44,44,49,1/29/2020
9,47,43,1/28/2020
98,56,79,1/27/2020
50,72,87,1/26/2020
16,32,45,1/25/2020
1,19,96,1/24/2020
97,64,30,1/23/2020
11,57,22,1/22/2020
38,31,79,1/21/2020
38,31,79,1/20/2020
15,62,85,1/19/2020
98,76,18,1/18/2020
93,85,75,1/17/2020
11,42,17,1/16/2020
64,87,55,1/15/2020
82,2,86,1/14/2020
26,8,83,1/13/2020
86,31,8,1/12/2020
20,5,80,1/11/2020
40,74,76,1/10/2020
47,46,50,1/9/2020
31,34,18,1/8/2020
69,17,69,1/7/2020
65,75,70,1/6/2020
25,22,20,1/5/2020
17,61,79,1/4/2020
10,29,61,1/3/2020
2,25,48,1/2/2020
11,88,47,1/1/2020
11,88,47,12/31/2019
11,88,47,12/30/2019
79,38,95,12/29/2019
89,10,35,12/28/2019
10,6,81,12/27/2019
14,39,43,12/26/2019
73,89,3,12/25/2019
73,89,3,12/24/2019
73,89,3,12/23/2019
21,78,62,12/22/2019
19,98,80,12/21/2019
85,63,26,12/20/2019
18,66,11,12/19/2019
81,36,22,12/18/2019
91,16,33,12/17/2019
72,20,23,12/16/2019
51,73,24,12/15/2019
52,8,32,12/14/2019
43,54,72,12/13/2019
12,94,94,12/12/2019
13,27,42,12/11/2019
93,15,97,12/10/2019
17,59,46,12/9/2019
84,78,96,12/8/2019
12,88,14,12/7/2019
86,88,30,12/6/2019
53,4,87,12/5/2019
15,62,14,12/4/2019
18,93,79,12/3/2019
28,94,48,12/2/2019
30,58,8,12/1/2019
62,99,16,11/30/2019
4,14,70,11/29/2019
21,75,23,11/28/2019
96,59,45,11/27/2019
53,68,79,11/26/2019
55,29,63,11/25/2019
62,28,38,11/24/2019
49,58,82,11/23/2019
41,16,58,11/22/2019
59,73,90,11/21/2019
1,8,41,11/20/2019
65,20,24,11/19/2019
39,82,29,11/18/2019
22,42,96,11/17/2019
70,12,34,11/16/2019
54,8,90,11/15/2019
22,2,26,11/14/2019
63,90,65,11/13/2019
65,24,5,11/12/2019
94,82,70,11/11/2019
86,30,48,11/10/2019
88,95,30,11/9/2019
12,41,94,11/8/2019
57,21,99,11/7/2019
81,91,29,11/6/2019
37,97,9,11/5/2019
99,62,94,11/4/2019
30,62,18,11/3/2019
6,99,30,11/2/2019
76,21,53,11/1/2019
67,82,31,10/31/2019
16,21,30,10/30/2019
69,38,44,10/29/2019
81,77,38,10/28/2019
5,19,89,10/27/2019
89,3,25,10/26/2019
53,58,15,10/25/2019
31,27,48,10/24/2019
30,38,32,10/23/2019
35,51,36,10/22/2019
29,7,70,10/21/2019
55,71,64,10/20/2019
50,11,35,10/19/2019
86,17,96,10/18/2019
9,99,75,10/17/2019
84,57,23,10/16/2019
17,30,75,10/15/2019
76,72,68,10/14/2019
31,61,66,10/13/2019
77,98,53,10/12/2019
67,35,4,10/11/2019
95,17,23,10/10/2019
30,43,3,10/9/2019
33,71,31,10/8/2019
53,64,85,10/7/2019
94,94,44,10/6/2019
31,63,20,10/5/2019
64,58,20,10/4/2019
0,45,43,10/3/2019
3,69,69,10/2/2019
66,58,21,10/1/2019
95,32,11,9/30/2019
50,75,46,9/29/2019
91,77,59,9/28/2019
78,54,57,9/27/2019
59,18,65,9/26/2019
37,87,76,9/25/2019
23,14,63,9/24/2019
23,14,63,9/23/2019
83,28,61,9/22/2019
45,20,72,9/21/2019
42,17,14,9/20/2019
39,22,57,9/19/2019
96,96,76,9/18/2019
91,74,5,9/17/2019
10,57,13,9/16/2019
68,83,62,9/15/2019
76,80,99,9/14/2019
32,87,31,9/13/2019
5,29,13,9/12/2019
57,97,55,9/11/2019
57,49,34,9/10/2019
58,86,29,9/9/2019
97,92,6,9/8/2019
51,55,57,9/7/2019
24,74,15,9/6/2019
92,74,82,9/5/2019
69,8,64,9/4/2019
47,86,15,9/3/2019
49,93,82,9/2/2019
14,77,57,9/1/2019
58,13,58,8/31/2019
77,71,76,8/30/2019
10,8,51,8/29/2019
69,70,33,8/28/2019
93,56,65,8/27/2019
42,81,38,8/26/2019
28,13,26,8/25/2019
11,36,35,8/24/2019
34,20,49,8/23/2019
65,40,82,8/22/2019
47,57,37,8/21/2019
57,69,44,8/20/2019
91,30,37,8/19/2019
5,81,88,8/18/2019
26,52,15,8/17/2019
56,92,47,8/16/2019
56,92,47,8/15/2019
47,86,44,8/14/2019
76,21,73,8/13/2019
79,12,35,8/12/2019
58,72,21,8/11/2019
60,1,5,8/10/2019
54,16,14,8/9/2019
16,58,90,8/8/2019
28,99,38,8/7/2019
89,89,45,8/6/2019
82,68,67,8/5/2019
19,50,25,8/4/2019
76,43,63,8/3/2019
28,21,92,8/2/2019
54,45,85,8/1/2019
0,43,95,7/31/2019
58,81,21,7/30/2019
14,60,25,7/29/2019
59,21,17,7/28/2019
71,27,34,7/27/2019
69,99,31,7/26/2019
69,90,49,7/25/2019
70,31,17,7/24/2019
80,84,18,7/23/2019
87,66,51,7/22/2019
55,7,87,7/21/2019
60,6,34,7/20/2019
28,48,31,7/19/2019
50,37,47,7/18/2019
11,54,17,7/17/2019
10,27,19,7/16/2019
72,71,20,7/15/2019
63,48,46,7/14/2019
98,92,54,7/13/2019
54,59,44,7/12/2019
61,31,20,7/11/2019
80,70,59,7/10/2019
40,93,99,7/9/2019
26,58,64,7/8/2019
13,39,59,7/7/2019
91,52,91,7/6/2019
51,73,43,7/5/2019
59,29,82,7/4/2019
11,82,90,7/3/2019
44,7,11,7/2/2019
38,14,84,7/1/2019
30,96,58,6/30/2019
98,88,22,6/29/2019
81,66,48,6/28/2019
70,58,48,6/27/2019
41,74,90,6/26/2019
53,0,51,6/25/2019
69,80,55,6/24/2019
53,53,4,6/23/2019
21,24,87,6/22/2019
75,79,94,6/21/2019
80,94,7,6/20/2019
19,23,22,6/19/2019
46,58,21,6/18/2019
55,50,37,6/17/2019
78,60,89,6/16/2019
34,68,68,6/15/2019
90,19,79,6/14/2019
67,60,3,6/13/2019
21,97,51,6/12/2019
65,13,88,6/11/2019
49,99,86,6/10/2019
63,26,61,6/9/2019
52,73,56,6/8/2019
43,91,83,6/7/2019
22,50,27,6/6/2019
75,46,54,6/5/2019
76,4,89,6/4/2019
70,87,93,6/3/2019
84,54,45,6/2/2019
62,17,60,6/1/2019
86,61,53,5/31/2019
56,49,30,5/30/2019
16,56,74,5/29/2019
31,57,77,5/28/2019
4,90,38,5/27/2019
31,55,14,5/26/2019
75,87,43,5/25/2019
57,15,37,5/24/2019
20,12,11,5/23/2019
88,36,40,5/22/2019
17,6,37,5/21/2019
7,61,32,5/20/2019
93,47,11,5/19/2019
4,67,72,5/18/2019
31,2,10,5/17/2019
24,15,97,5/16/2019
56,8,7,5/15/2019
41,47,15,5/14/2019
26,63,91,5/13/2019
5,15,67,5/12/2019
58,45,26,5/11/2019
97,21,45,5/10/2019
1,73,92,5/9/2019
26,62,4,5/8/2019
53,16,58,5/7/2019
35,70,94,5/6/2019
35,56,34,5/5/2019
78,62,17,5/4/2019
51,34,95,5/3/2019
40,94,1,5/2/2019
48,26,74,5/1/2019
96,36,95,4/30/2019
70,59,72,4/29/2019
6,63,14,4/28/2019
4,21,77,4/27/2019
46,28,40,4/26/2019
59,5,24,4/25/2019
78,94,51,4/24/2019
82,68,41,4/23/2019
50,54,45,4/22/2019
85,17,99,4/21/2019
21,47,68,4/20/2019
21,47,68,4/19/2019
21,47,68,4/18/2019
21,47,68,4/17/2019
40,42,67,4/16/2019
17,43,5,4/15/2019
58,62,86,4/14/2019
3,81,72,4/13/2019
0,75,86,4/12/2019
49,55,65,4/11/2019
76,31,94,4/10/2019
5,98,14,4/9/2019
63,82,7,4/8/2019
7,5,98,4/7/2019
83,97,68,4/6/2019
98,4,20,4/5/2019
54,80,98,4/4/2019
21,38,80,4/3/2019
8,15,67,4/2/2019
2,30,93,4/1/2019
30,79,86,3/31/2019
96,75,56,3/30/2019
10,3,56,3/29/2019
87,6,82,3/28/2019
74,1,9,3/27/2019
85,99,84,3/26/2019
65,21,55,3/25/2019
87,33,28,3/24/2019
49,21,80,3/23/2019
71,77,70,3/22/2019
42,3,25,3/21/2019
53,95,40,3/20/2019
80,70,33,3/19/2019
67,95,33,3/18/2019
32,6,18,3/17/2019
13,78,67,3/16/2019
35,39,46,3/15/2019
55,48,64,3/14/2019
96,71,95,3/13/2019
24,96,76,3/12/2019
99,36,77,3/11/2019
42,98,49,3/10/2019
14,12,59,3/9/2019
51,78,80,3/8/2019
98,96,72,3/7/2019
73,11,0,3/6/2019
33,62,33,3/5/2019
18,4,67,3/4/2019
63,26,33,3/3/2019
48,3,17,3/2/2019
4,3,0,3/1/2019
62,81,61,2/28/2019
80,87,21,2/27/2019
80,87,21,2/26/2019
55,11,48,2/25/2019
39,55,98,2/24/2019
91,13,10,2/23/2019
21,76,90,2/22/2019
73,77,87,2/21/2019
62,47,41,2/20/2019
2,67,26,2/19/2019
64,74,70,2/18/2019
89,12,62,2/17/2019
75,34,24,2/16/2019
42,52,16,2/15/2019
98,94,60,2/14/2019
42,19,1,2/13/2019
53,44,22,2/12/2019
2,21,23,2/11/2019
50,85,45,2/10/2019
87,66,77,2/9/2019
6,10,33,2/8/2019
95,95,24,2/7/2019
69,40,78,2/6/2019
83,76,69,2/5/2019
18,14,74,2/4/2019
76,21,73,2/3/2019
40,54,79,2/2/2019
85,96,42,2/1/2019
90,9,12,1/31/2019
70,61,68,1/30/2019
43,73,4,1/29/2019
11,33,66,1/28/2019
95,65,78,1/27/2019
45,75,83,1/26/2019
75,78,83,1/25/2019
58,94,19,1/24/2019
80,13,91,1/23/2019
54,78,71,1/22/2019
5,53,24,1/21/2019
5,53,24,1/20/2019
96,77,69,1/19/2019
33,17,53,1/18/2019
67,26,41,1/17/2019
79,94,16,1/16/2019
75,62,33,1/15/2019
33,8,11,1/14/2019
49,87,33,1/13/2019
71,5,38,1/12/2019
16,48,66,1/11/2019
30,36,35,1/10/2019
88,26,21,1/9/2019
23,98,67,1/8/2019
69,91,6,1/7/2019
34,16,76,1/6/2019
5,13,41,1/5/2019
59,45,63,1/4/2019
69,69,95,1/3/2019
9,66,85,1/2/2019
50,14,41,1/1/2019
50,14,41,12/31/2018
50,14,41,12/30/2018
38,68,35,12/29/2018
41,19,41,12/28/2018
76,57,78,12/27/2018
77,77,10,12/26/2018
75,57,66,12/25/2018
75,57,66,12/24/2018
75,57,66,12/23/2018
26,95,58,12/22/2018
54,56,67,12/21/2018
76,92,7,12/20/2018
8,26,74,12/19/2018
52,3,76,12/18/2018
99,5,72,12/17/2018
60,0,33,12/16/2018
2,67,84,12/15/2018
0,89,60,12/14/2018
11,42,15,12/13/2018
90,51,3,12/12/2018
8,80,37,12/11/2018
13,84,28,12/10/2018
91,26,73,12/9/2018
64,83,40,12/8/2018
70,52,86,12/7/2018
18,86,7,12/6/2018
86,76,85,12/5/2018
24,27,28,12/4/2018
75,65,38,12/3/2018
1,90,71,12/2/2018
14,23,4,12/1/2018
24,14,69,11/30/2018
75,23,68,11/29/2018
1,26,93,11/28/2018
95,23,81,11/27/2018
56,8,70,11/26/2018
58,48,20,11/25/2018
71,50,40,11/24/2018
78,0,22,11/23/2018
44,78,30,11/22/2018
56,49,82,11/21/2018
24,19,27,11/20/2018
64,72,54,11/19/2018
89,76,96,11/18/2018
42,64,4,11/17/2018
39,31,99,11/16/2018
69,77,60,11/15/2018
18,16,18,11/14/2018
62,27,94,11/13/2018
84,74,23,11/12/2018
1,2,42,11/11/2018
32,63,74,11/10/2018
80,70,61,11/9/2018
92,98,46,11/8/2018
34,14,28,11/7/2018
99,17,3,11/6/2018
18,46,57,11/5/2018
11,59,61,11/4/2018
69,48,37,11/3/2018
23,37,30,11/2/2018
70,30,34,11/1/2018
74,81,63,10/31/2018
47,90,73,10/30/2018
24,53,98,10/29/2018
2,0,58,10/28/2018
71,55,34,10/27/2018
12,35,56,10/26/2018
91,53,67,10/25/2018
15,54,60,10/24/2018
1,38,15,10/23/2018
8,33,1,10/22/2018
34,1,14,10/21/2018
86,22,34,10/20/2018
43,59,2,10/19/2018
84,26,42,10/18/2018
52,90,93,10/17/2018
78,25,18,10/16/2018
27,1,99,10/15/2018
19,35,15,10/14/2018
82,10,47,10/13/2018
77,71,22,10/12/2018
7,63,47,10/11/2018
40,39,98,10/10/2018
35,32,43,10/9/2018
14,20,68,10/8/2018
71,99,24,10/7/2018
24,7,46,10/6/2018
47,95,2,10/5/2018
91,8,31,10/4/2018
5,39,26,10/3/2018
49,70,37,10/2/2018
68,96,1,10/1/2018
14,44,0,9/30/2018
83,76,86,9/29/2018
42,82,14,9/28/2018
29,22,58,9/27/2018
59,55,53,9/26/2018
83,13,96,9/25/2018
95,31,90,9/24/2018
95,31,90,9/23/2018
89,13,79,9/22/2018
97,96,23,9/21/2018
97,9,52,9/20/2018
65,76,74,9/19/2018
81,83,97,9/18/2018
22,12,77,9/17/2018
88,86,98,9/16/2018
33,21,68,9/15/2018
86,60,82,9/14/2018
97,82,65,9/13/2018
33,48,75,9/12/2018
3,8,19,9/11/2018
14,61,93,9/10/2018
24,93,20,9/9/2018
15,88,54,9/8/2018
48,84,88,9/7/2018
45,83,28,9/6/2018
72,2,4,9/5/2018
97,31,27,9/4/2018
56,67,31,9/3/2018
13,26,95,9/2/2018
44,18,24,9/1/2018
41,88,1,8/31/2018
50,77,94,8/30/2018
16,87,25,8/29/2018
68,0,49,8/28/2018
2,6,67,8/27/2018
87,96,33,8/26/2018
79,26,7,8/25/2018
65,49,63,8/24/2018
70,12,57,8/23/2018
1,13,56,8/22/2018
25,52,41,8/21/2018
49,66,57,8/20/2018
96,74,40,8/19/2018
24,61,62,8/18/2018
77,45,22,8/17/2018
59,44,38,8/16/2018
59,44,38,8/15/2018
65,12,71,8/14/2018
45,75,93,8/13/2018
96,33,49,8/12/2018
26,0,19,8/11/2018
85,9,17,8/10/2018
77,62,12,8/9/2018
81,37,76,8/8/2018
74,84,7,8/7/2018
15,65,67,8/6/2018
80,61,51,8/5/2018
93,73,98,8/4/2018
18,7,82,8/3/2018
88,84,17,8/2/2018
96,89,83,8/1/2018
43,38,79,7/31/2018
8,96,36,7/30/2018
51,65,75,7/29/2018
12,94,17,7/28/2018
40,39,50,7/27/2018
76,98,50,7/26/2018
1,24,60,7/25/2018
81,47,56,7/24/2018
73,53,30,7/23/2018
78,56,9,7/22/2018
54,80,71,7/21/2018
4,52,92,7/20/2018
95,45,65,7/19/2018
86,36,35,7/18/2018
67,79,12,7/17/2018
9,21,84,7/16/2018
94,48,71,7/15/2018
12,58,52,7/14/2018
85,31,94,7/13/2018
47,37,77,7/12/2018
68,16,76,7/11/2018
26,30,19,7/10/2018
77,42,97,7/9/2018
48,29,22,7/8/2018
19,9,29,7/7/2018
27,93,47,7/6/2018
58,29,58,7/5/2018
83,49,50,7/4/2018
26,56,83,7/3/2018
66,55,60,7/2/2018
23,63,95,7/1/2018
28,76,45,6/30/2018
31,23,21,6/29/2018
24,97,65,6/28/2018
12,32,66,6/27/2018
56,91,67,6/26/2018
59,41,98,6/25/2018
60,41,32,6/24/2018
35,53,95,6/23/2018
23,26,50,6/22/2018
53,62,64,6/21/2018
53,1,0,6/20/2018
92,6,27,6/19/2018
13,93,34,6/18/2018
80,91,53,6/17/2018
39,80,6,6/16/2018
20,56,42,6/15/2018
48,33,43,6/14/2018
93,83,32,6/13/2018
59,29,72,6/12/2018
23,2,65,6/11/2018
67,3,26,6/10/2018
99,73,39,6/9/2018
99,42,55,6/8/2018
5,93,58,6/7/2018
98,77,35,6/6/2018
8,40,58,6/5/2018
93,81,11,6/4/2018
91,4,30,6/3/2018
51,12,48,6/2/2018
91,96,81,6/1/2018
86,84,7,5/31/2018
50,63,52,5/30/2018
95,62,50,5/29/2018
99,88,95,5/28/2018
56,14,59,5/27/2018
20,33,30,5/26/2018
13,97,35,5/25/2018
87,10,96,5/24/2018
82,21,92,5/23/2018
92,60,3,5/22/2018
32,45,6,5/21/2018
21,6,7,5/20/2018
22,43,83,5/19/2018
5,48,59,5/18/2018
54,25,52,5/17/2018
42,30,10,5/16/2018
88,94,10,5/15/2018
76,54,67,5/14/2018
8,41,25,5/13/2018
45,47,29,5/12/2018
54,55,53,5/11/2018
39,19,5,5/10/2018
55,35,35,5/9/2018
94,95,82,5/8/2018
91,55,32,5/7/2018
56,71,33,5/6/2018
1,17,65,5/5/2018
69,18,48,5/4/2018
58,15,51,5/3/2018
37,94,83,5/2/2018
34,36,0,5/1/2018
39,6,76,4/30/2018
34,29,37,4/29/2018
17,7,88,4/28/2018
0,34,97,4/27/2018
77,25,81,4/26/2018
24,18,76,4/25/2018
45,50,10,4/24/2018
91,40,74,4/23/2018
5,5,27,4/22/2018
62,88,43,4/21/2018
34,7,25,4/20/2018
38,39,79,4/19/2018
56,90,88,4/18/2018
49,29,63,4/17/2018
47,88,6,4/16/2018
0,25,61,4/15/2018
47,32,95,4/14/2018
9,1,2,4/13/2018
76,60,28,4/12/2018
76,10,56,4/11/2018
43,38,55,4/10/2018
40,6,82,4/9/2018
27,30,2,4/8/2018
47,17,53,4/7/2018
32,18,40,4/6/2018
77,32,2,4/5/2018
42,41,37,4/4/2018
35,3,44,4/3/2018
73,50,57,4/2/2018
81,89,91,4/1/2018
46,27,63,3/31/2018
46,27,63,3/30/2018
46,27,63,3/29/2018
46,27,63,3/28/2018
3,34,31,3/27/2018
86,92,71,3/26/2018
3,81,2,3/25/2018
5,64,40,3/24/2018
95,77,78,3/23/2018
0,89,53,3/22/2018
46,94,60,3/21/2018
43,90,77,3/20/2018
18,63,86,3/19/2018
33,69,72,3/18/2018
53,20,0,3/17/2018
92,14,77,3/16/2018
40,1,65,3/15/2018
87,88,23,3/14/2018
69,33,39,3/13/2018
90,43,23,3/12/2018
51,59,46,3/11/2018
7,26,77,3/10/2018
2,33,6,3/9/2018
10,78,95,3/8/2018
54,39,20,3/7/2018
97,32,95,3/6/2018
74,71,94,3/5/2018
16,3,94,3/4/2018
72,71,11,3/3/2018
46,84,86,3/2/2018
54,25,53,3/1/2018
51,26,90,2/28/2018
86,65,98,2/27/2018
86,65,98,2/26/2018
51,7,59,2/25/2018
4,84,85,2/24/2018
32,64,75,2/23/2018
25,81,13,2/22/2018
84,62,62,2/21/2018
73,30,34,2/20/2018
15,53,33,2/19/2018
71,19,61,2/18/2018
25,85,91,2/17/2018
85,18,39,2/16/2018
54,27,18,2/15/2018
0,49,7,2/14/2018
56,51,84,2/13/2018
34,25,94,2/12/2018
6,17,98,2/11/2018
71,58,52,2/10/2018
59,12,69,2/9/2018
39,10,16,2/8/2018
88,17,86,2/7/2018
61,61,37,2/6/2018
2,85,14,2/5/2018
3,15,63,2/4/2018
65,78,50,2/3/2018
68,69,64,2/2/2018
85,34,1,2/1/2018
91,60,13,1/31/2018
53,85,66,1/30/2018
21,70,97,1/29/2018
3,99,62,1/28/2018
97,20,68,1/27/2018
25,31,29,1/26/2018
5,59,28,1/25/2018
85,25,73,1/24/2018
25,3,64,1/23/2018
6,14,5,1/22/2018
75,9,85,1/21/2018
75,9,85,1/20/2018
17,56,30,1/19/2018
68,2,8,1/18/2018
46,49,99,1/17/2018
3,1,35,1/16/2018
96,99,5,1/15/2018
72,86,22,1/14/2018
8,48,97,1/13/2018
43,61,94,1/12/2018
37,13,61,1/11/2018
3,11,8,1/10/2018
58,9,95,1/9/2018
1,75,61,1/8/2018
48,22,2,1/7/2018
51,79,33,1/6/2018
21,68,20,1/5/2018
94,79,17,1/4/2018
50,16,11,1/3/2018
75,18,14,1/2/2018
96,32,37,1/1/2018
96,32,37,12/31/2017
96,32,37,12/30/2017
46,21,51,12/29/2017
93,23,42,12/28/2017
39,91,89,12/27/2017
77,62,14,12/26/2017
87,21,14,12/25/2017
87,21,14,12/24/2017
87,21,14,12/23/2017
56,7,66,12/22/2017
12,41,68,12/21/2017
67,46,15,12/20/2017
50,36,73,12/19/2017
15,97,18,12/18/2017
40,24,7,12/17/2017
50,91,59,12/16/2017
7,25,36,12/15/2017
19,21,23,12/14/2017
76,53,48,12/13/2017
81,40,94,12/12/2017
50,7,50,12/11/2017
99,61,4,12/10/2017
22,58,77,12/9/2017
35,90,6,12/8/2017
62,11,61,12/7/2017
98,19,0,12/6/2017
42,51,87,12/5/2017
41,87,57,12/4/2017
42,70,78,12/3/2017
83,48,51,12/2/2017
63,15,16,12/1/2017
43,52,39,11/30/2017
9,76,67,11/29/2017
46,45,7,11/28/2017
78,59,55,11/27/2017
3,79,16,11/26/2017
50,54,92,11/25/2017
65,35,69,11/24/2017
3,71,4,11/23/2017
55,23,78,11/22/2017
25,64,0,11/21/2017
93,53,50,11/20/2017
54,97,61,11/19/2017
29,90,22,11/18/2017
65,10,24,11/17/2017
4,92,7,11/16/2017
23,70,7,11/15/2017
18,3,80,11/14/2017
70,43,65,11/13/2017
55,82,20,11/12/2017
81,77,24,11/11/2017
43,76,81,11/10/2017
83,82,8,11/9/2017
39,0,73,11/8/2017
4,65,5,11/7/2017
28,60,81,11/6/2017
99,52,66,11/5/2017
4,62,98,11/4/2017
90,75,15,11/3/2017
25,59,8,11/2/2017
31,74,89,11/1/2017
14,4,6,10/31/2017
90,41,16,10/30/2017
31,89,80,10/29/2017
24,59,2,10/28/2017
16,7,12,10/27/2017
97,8,62,10/26/2017
56,91,95,10/25/2017
80,89,3,10/24/2017
87,53,21,10/23/2017
80,14,83,10/22/2017
72,9,3,10/21/2017
73,15,38,10/20/2017
61,16,87,10/19/2017
55,65,45,10/18/2017
83,90,49,10/17/2017
27,73,81,10/16/2017
3,69,57,10/15/2017
98,16,11,10/14/2017
78,92,30,10/13/2017
47,92,45,10/12/2017
85,73,92,10/11/2017
90,44,85,10/10/2017
40,65,53,10/9/2017
81,18,41,10/8/2017
4,97,26,10/7/2017
98,82,10,10/6/2017
68,95,20,10/5/2017
80,69,4,10/4/2017
52,66,61,10/3/2017
54,97,57,10/2/2017
26,85,66,10/1/2017
38,10,7,9/30/2017
69,53,89,9/29/2017
69,84,40,9/28/2017
87,53,32,9/27/2017
33,58,56,9/26/2017
58,44,42,9/25/2017
4,25,71,9/24/2017
32,75,93,9/23/2017
28,55,5,9/22/2017
40,89,66,9/21/2017
40,89,66,9/20/2017
87,73,51,9/19/2017
80,41,43,9/18/2017
85,74,14,9/17/2017
23,17,13,9/16/2017
96,38,28,9/15/2017
18,30,32,9/14/2017
85,16,22,9/13/2017
65,35,26,9/12/2017
10,42,54,9/11/2017
38,97,13,9/10/2017
16,23,33,9/9/2017
95,11,50,9/8/2017
8,40,17,9/7/2017
8,40,17,9/6/2017
63,41,86,9/5/2017
96,82,51,9/4/2017
72,29,18,9/3/2017
7,31,50,9/2/2017
57,63,26,9/1/2017
76,99,61,8/31/2017
14,75,11,8/30/2017
86,71,61,8/29/2017
57,53,56,8/28/2017
22,40,44,8/27/2017
1,71,24,8/26/2017
34,11,85,8/25/2017
61,71,54,8/24/2017
56,17,53,8/23/2017
53,19,31,8/22/2017
85,89,85,8/21/2017
48,52,12,8/20/2017
84,21,63,8/19/2017
16,8,82,8/18/2017
97,90,65,8/17/2017
8,46,88,8/16/2017
8,46,88,8/15/2017
66,80,47,8/14/2017
28,94,64,8/13/2017
43,6,96,8/12/2017
95,22,37,8/11/2017
92,6,31,8/10/2017
60,52,22,8/9/2017
95,41,52,8/8/2017
49,92,16,8/7/2017
20,47,22,8/6/2017
20,7,42,8/5/2017
28,20,48,8/4/2017
68,37,51,8/3/2017
11,32,30,8/2/2017
68,98,38,8/1/2017
63,15,99,7/31/2017
91,18,52,7/30/2017
0,41,53,7/29/2017
20,4,32,7/28/2017
8,45,15,7/27/2017
45,41,48,7/26/2017
27,14,26,7/25/2017
5,26,63,7/24/2017
52,0,25,7/23/2017
82,37,92,7/22/2017
30,17,48,7/21/2017
56,65,94,7/20/2017
98,27,68,7/19/2017
5,64,91,7/18/2017
94,12,97,7/17/2017
52,63,18,7/16/2017
17,96,20,7/15/2017
13,76,4,7/14/2017
89,82,26,7/13/2017
74,4,57,7/12/2017
9,50,10,7/11/2017
32,77,29,7/10/2017
39,23,20,7/9/2017
62,14,87,7/8/2017
16,73,35,7/7/2017
14,91,15,7/6/2017
91,90,68,7/5/2017
84,12,46,7/4/2017
56,5,80,7/3/2017
26,30,73,7/2/2017
14,39,7,7/1/2017
84,71,8,6/30/2017
94,57,77,6/29/2017
34,99,97,6/28/2017
58,44,49,6/27/2017
65,58,46,6/26/2017
63,14,73,6/25/2017
35,62,90,6/24/2017
7,17,77,6/23/2017
36,35,30,6/22/2017
39,54,92,6/21/2017
37,64,74,6/20/2017
94,98,79,6/19/2017
95,90,84,6/18/2017
95,92,25,6/17/2017
66,9,59,6/16/2017
45,59,39,6/15/2017
30,56,49,6/14/2017
14,88,16,6/13/2017
35,63,2,6/12/2017
94,46,24,6/11/2017
54,21,13,6/10/2017
19,27,72,6/9/2017
94,14,25,6/8/2017
52,41,28,6/7/2017
62,0,11,6/6/2017
14,94,52,6/5/2017
33,30,72,6/4/2017
97,64,24,6/3/2017
75,11,2,6/2/2017
98,89,19,6/1/2017
7,14,14,5/31/2017
75,78,51,5/30/2017
39,51,34,5/29/2017
20,69,27,5/28/2017
21,84,26,5/27/2017
1,58,74,5/26/2017
77,50,56,5/25/2017
49,88,11,5/24/2017
1,20,49,5/23/2017
39,53,8,5/22/2017
3,49,46,5/21/2017
4,63,60,5/20/2017
97,53,31,5/19/2017
33,77,0,5/18/2017
19,30,2,5/17/2017
66,17,37,5/16/2017
35,57,52,5/15/2017
16,71,21,5/14/2017
18,56,24,5/13/2017
92,47,74,5/12/2017
64,69,88,5/11/2017
28,65,85,5/10/2017
1,86,98,5/9/2017
89,3,26,5/8/2017
75,66,62,5/7/2017
57,43,54,5/6/2017
22,69,91,5/5/2017
39,9,91,5/4/2017
84,21,28,5/3/2017
15,30,63,5/2/2017
18,8,26,5/1/2017
16,28,32,4/30/2017
52,16,40,4/29/2017
16,31,80,4/28/2017
96,35,65,4/27/2017
48,71,46,4/26/2017
93,92,16,4/25/2017
57,0,21,4/24/2017
61,84,47,4/23/2017
46,50,34,4/22/2017
45,42,59,4/21/2017
21,83,19,4/20/2017
25,77,8,4/19/2017
28,66,73,4/18/2017
73,92,63,4/17/2017
38,43,64,4/16/2017
7,57,21,4/15/2017
7,57,21,4/14/2017
7,57,21,4/13/2017
7,57,21,4/12/2017
10,90,35,4/11/2017
50,79,61,4/10/2017
90,40,90,4/9/2017
20,20,10,4/8/2017
73,44,83,4/7/2017
81,68,20,4/6/2017
97,97,76,4/5/2017
98,52,32,4/4/2017
97,32,71,4/3/2017
3,57,65,4/2/2017
0,80,24,4/1/2017
55,54,82,3/31/2017
19,99,53,3/30/2017
47,9,32,3/29/2017
18,48,89,3/28/2017
90,97,62,3/27/2017
94,47,75,3/26/2017
99,99,36,3/25/2017
84,0,6,3/24/2017
62,41,98,3/23/2017
97,1,31,3/22/2017
97,86,62,3/21/2017
28,81,65,3/20/2017
92,5,73,3/19/2017
47,31,84,3/18/2017
45,82,34,3/17/2017
51,13,32,3/16/2017
53,6,84,3/15/2017
40,79,33,3/14/2017
5,99,77,3/13/2017
75,49,23,3/12/2017
47,14,72,3/11/2017
98,30,54,3/10/2017
25,44,26,3/9/2017
86,52,18,3/8/2017
34,13,75,3/7/2017
87,40,40,3/6/2017
25,70,26,3/5/2017
70,75,64,3/4/2017
6,67,37,3/3/2017
57,26,47,3/2/2017
18,86,32,3/1/2017
61,0,10,2/28/2017
1,23,32,2/27/2017
1,23,32,2/26/2017
10,31,70,2/25/2017
63,50,18,2/24/2017
86,63,5,2/23/2017
2,12,64,2/22/2017
54,8,57,2/21/2017
42,15,57,2/20/2017
38,46,61,2/19/2017
35,64,8,2/18/2017
98,23,68,2/17/2017
87,97,45,2/16/2017
83,62,99,2/15/2017
55,34,92,2/14/2017
13,31,41,2/13/2017
45,46,75,2/12/2017
6,87,22,2/11/2017
74,58,81,2/10/2017
96,99,64,2/9/2017
14,23,7,2/8/2017
68,72,35,2/7/2017
43,99,50,2/6/2017
66,17,3,2/5/2017
41,69,57,2/4/2017
27,38,70,2/3/2017
43,67,88,2/2/2017
45,40,56,2/1/2017
40,36,38,1/31/2017
6,2,41,1/30/2017
1,45,74,1/29/2017
8,15,32,1/28/2017
58,88,45,1/27/2017
74,44,69,1/26/2017
57,41,78,1/25/2017
59,11,56,1/24/2017
2,36,0,1/23/2017
17,98,2,1/22/2017
93,57,89,1/21/2017
93,57,89,1/20/2017
62,85,48,1/19/2017
44,57,38,1/18/2017
23,18,96,1/17/2017
88,14,31,1/16/2017
97,7,36,1/15/2017
29,41,0,1/14/2017
56,61,84,1/13/2017
25,81,81,1/12/2017
45,73,82,1/11/2017
96,68,64,1/10/2017
38,48,53,1/9/2017
96,72,56,1/8/2017
71,64,73,1/7/2017
76,83,72,1/6/2017
25,96,31,1/5/2017
14,35,54,1/4/2017
77,23,18,1/3/2017
83,95,92,1/2/2017
57,2,88,1/1/2017
57,2,88,12/31/2016
57,2,88,12/30/2016
22,37,64,12/29/2016
98,15,10,12/28/2016
58,9,14,12/27/2016
94,73,18,12/26/2016
54,94,44,12/25/2016
54,94,44,12/24/2016
54,94,44,12/23/2016
84,33,29,12/22/2016
49,72,51,12/21/2016
75,84,36,12/20/2016
45,51,64,12/19/2016
44,12,31,12/18/2016
95,21,61,12/17/2016
31,29,7,12/16/2016
86,82,79,12/15/2016
47,91,17,12/14/2016
52,23,37,12/13/2016
30,34,97,12/12/2016
53,39,55,12/11/2016
91,39,11,12/10/2016
86,59,39,12/9/2016
10,8,34,12/8/2016
50,20,14,12/7/2016
38,15,8,12/6/2016
27,8,30,12/5/2016
67,20,99,12/4/2016
34,48,72,12/3/2016
87,94,25,12/2/2016
23,93,11,12/1/2016
80,99,61,11/30/2016
96,75,87,11/29/2016
19,88,48,11/28/2016
23,27,12,11/27/2016
73,64,35,11/26/2016
13,30,71,11/25/2016
2,79,12,11/24/2016
39,58,65,11/23/2016
95,95,59,11/22/2016
96,44,90,11/21/2016
14,8,82,11/20/2016
63,25,56,11/19/2016
43,65,80,11/18/2016
88,21,97,11/17/2016
45,5,29,11/16/2016
31,63,28,11/15/2016
43,24,15,11/14/2016
41,80,46,11/13/2016
16,28,15,11/12/2016
63,94,27,11/11/2016
21,53,23,11/10/2016
24,72,70,11/9/2016
98,9,51,11/8/2016
74,72,55,11/7/2016
29,97,52,11/6/2016
94,60,22,11/5/2016
97,51,62,11/4/2016
58,84,45,11/3/2016
29,20,73,11/2/2016
3,35,55,11/1/2016
24,82,36,10/31/2016
8,95,69,10/30/2016
10,18,20,10/29/2016
17,48,86,10/28/2016
92,54,53,10/27/2016
16,0,36,10/26/2016
46,42,58,10/25/2016
42,74,54,10/24/2016
9,73,52,10/23/2016
22,82,99,10/22/2016
96,27,96,10/21/2016
13,65,67,10/20/2016
90,46,21,10/19/2016
69,23,54,10/18/2016
14,67,95,10/17/2016
92,32,10,10/16/2016
39,27,12,10/15/2016
56,40,98,10/14/2016
0,41,27,10/13/2016
51,69,48,10/12/2016
20,6,66,10/11/2016
72,29,80,10/10/2016
5,17,61,10/9/2016
88,52,9,10/8/2016
55,73,7,10/7/2016
10,78,49,10/6/2016
89,93,32,10/5/2016
11,54,15,10/4/2016
33,24,99,10/3/2016
20,48,77,10/2/2016
46,13,84,10/1/2016
75,85,6,9/30/2016
66,0,64,9/29/2016
18,4,48,9/28/2016
55,17,56,9/27/2016
26,5,38,9/26/2016
23,63,97,9/25/2016
68,32,54,9/24/2016
68,32,54,9/23/2016
1,18,39,9/22/2016
21,43,14,9/21/2016
96,53,87,9/20/2016
52,53,7,9/19/2016
73,79,1,9/18/2016
17,48,62,9/17/2016
49,5,25,9/16/2016
48,8,4,9/15/2016
53,56,83,9/14/2016
63,57,32,9/13/2016
91,61,2,9/12/2016
5,4,80,9/11/2016
19,30,76,9/10/2016
69,81,77,9/9/2016
86,77,95,9/8/2016
41,26,94,9/7/2016
81,87,73,9/6/2016
67,26,40,9/5/2016
3,84,60,9/4/2016
98,76,43,9/3/2016
50,77,38,9/2/2016
39,44,70,9/1/2016
51,65,11,8/31/2016
80,86,34,8/30/2016
31,25,0,8/29/2016
89,69,56,8/28/2016
18,79,21,8/27/2016
32,40,99,8/26/2016
23,35,68,8/25/2016
80,24,29,8/24/2016
84,79,90,8/23/2016
92,99,34,8/22/2016
12,3,5,8/21/2016
51,53,73,8/20/2016
65,46,14,8/19/2016
32,64,20,8/18/2016
38,0,79,8/17/2016
45,39,80,8/16/2016
43,1,39,8/15/2016
42,23,64,8/14/2016
68,64,58,8/13/2016
44,50,50,8/12/2016
39,77,42,8/11/2016
41,94,87,8/10/2016
12,31,99,8/9/2016
40,23,55,8/8/2016
28,10,80,8/7/2016
91,20,72,8/6/2016
66,63,25,8/5/2016
4,97,83,8/4/2016
68,61,85,8/3/2016
64,72,86,8/2/2016
72,78,23,8/1/2016
33,81,19,7/31/2016
84,1,40,7/30/2016
5,45,98,7/29/2016
0,55,68,7/28/2016
52,86,51,7/27/2016
29,72,17,7/26/2016
83,75,74,7/25/2016
89,9,45,7/24/2016
22,61,83,7/23/2016
29,6,32,7/22/2016
14,94,5,7/21/2016
62,53,92,7/20/2016
29,27,34,7/19/2016
6,59,12,7/18/2016
87,1,37,7/17/2016
18,52,59,7/16/2016
21,82,83,7/15/2016
62,28,72,7/14/2016
73,42,25,7/13/2016
8,35,14,7/12/2016
93,94,88,7/11/2016
97,32,19,7/10/2016
21,68,63,7/9/2016
18,78,67,7/8/2016
54,62,76,7/7/2016
10,62,89,7/6/2016
7,65,93,7/5/2016
1,22,76,7/4/2016
27,44,5,7/3/2016
99,12,52,7/2/2016
83,84,3,7/1/2016
89,72,72,6/30/2016
9,60,36,6/29/2016
69,81,23,6/28/2016
75,86,75,6/27/2016
39,95,24,6/26/2016
49,55,64,6/25/2016
85,12,8,6/24/2016
20,72,45,6/23/2016
83,69,65,6/22/2016
46,57,99,6/21/2016
69,5,21,6/20/2016
95,40,11,6/19/2016
64,4,14,6/18/2016
75,8,49,6/17/2016
83,18,75,6/16/2016
67,74,96,6/15/2016
55,40,22,6/14/2016
35,84,68,6/13/2016
97,53,41,6/12/2016
8,99,40,6/11/2016
98,19,26,6/10/2016
82,29,16,6/9/2016
63,48,95,6/8/2016
45,20,36,6/7/2016
52,91,7,6/6/2016
50,79,47,6/5/2016
53,14,81,6/4/2016
81,50,76,6/3/2016
37,58,84,6/2/2016
1,84,39,6/1/2016
33,30,16,5/31/2016
90,94,74,5/30/2016
14,65,61,5/29/2016
96,41,63,5/28/2016
54,96,6,5/27/2016
89,40,85,5/26/2016
29,16,68,5/25/2016
52,48,36,5/24/2016
16,56,48,5/23/2016
23,64,79,5/22/2016
53,43,29,5/21/2016
86,44,19,5/20/2016
21,36,49,5/19/2016
26,71,79,5/18/2016
87,73,12,5/17/2016
58,96,9,5/16/2016
58,96,9,5/15/2016
58,96,9,5/14/2016
58,96,9,5/13/2016
59,44,44,5/12/2016
9,87,39,5/11/2016
47,61,29,5/10/2016
16,71,76,5/9/2016
19,6,37,5/8/2016
37,48,82,5/7/2016
13,81,2,5/6/2016
21,88,50,5/5/2016
47,64,32,5/4/2016
58,37,52,5/3/2016
22,12,40,5/2/2016
97,76,37,5/1/2016
45,51,3,4/30/2016
79,56,66,4/29/2016
4,1,79,4/28/2016
64,71,77,4/27/2016
84,52,53,4/26/2016
77,62,96,4/25/2016
38,14,78,4/24/2016
81,52,52,4/23/2016
89,37,22,4/22/2016
54,29,1,4/21/2016
52,65,75,4/20/2016
64,73,70,4/19/2016
37,95,78,4/18/2016
10,6,60,4/17/2016
67,88,23,4/16/2016
22,52,34,4/15/2016
40,57,75,4/14/2016
72,48,29,4/13/2016
40,75,89,4/12/2016
19,99,36,4/11/2016
66,7,50,4/10/2016
77,33,87,4/9/2016
79,34,83,4/8/2016
8,42,10,4/7/2016
72,14,67,4/6/2016
72,93,6,4/5/2016
69,67,80,4/4/2016
86,56,25,4/3/2016
32,17,66,4/2/2016
61,79,56,4/1/2016
30,85,98,3/31/2016
25,33,45,3/30/2016
95,81,33,3/29/2016
31,16,88,3/28/2016
98,71,38,3/27/2016
65,43,69,3/26/2016
65,43,69,3/25/2016
65,43,69,3/24/2016
65,43,69,3/23/2016
72,80,24,3/22/2016
41,78,69,3/21/2016
14,83,46,3/20/2016
42,8,81,3/19/2016
17,3,37,3/18/2016
97,13,94,3/17/2016
74,18,9,3/16/2016
27,91,5,3/15/2016
55,14,67,3/14/2016
14,94,28,3/13/2016
22,50,58,3/12/2016
76,30,5,3/11/2016
11,45,5,3/10/2016
98,32,15,3/9/2016
68,85,45,3/8/2016
21,63,94,3/7/2016
31,97,64,3/6/2016
57,94,77,3/5/2016
12,25,0,3/4/2016
48,69,18,3/3/2016
36,90,44,3/2/2016
75,93,39,3/1/2016
90,82,43,2/29/2016
0,53,34,2/28/2016
13,32,43,2/27/2016
13,32,43,2/26/2016
8,90,30,2/25/2016
85,90,26,2/24/2016
13,14,87,2/23/2016
52,91,90,2/22/2016
35,29,23,2/21/2016
83,1,19,2/20/2016
50,32,18,2/19/2016
91,88,77,2/18/2016
39,93,48,2/17/2016
9,14,27,2/16/2016
59,4,19,2/15/2016
13,95,27,2/14/2016
77,89,7,2/13/2016
31,33,30,2/12/2016
34,24,28,2/11/2016
23,42,3,2/10/2016
16,62,43,2/9/2016
1,94,11,2/8/2016
74,95,73,2/7/2016
88,67,94,2/6/2016
74,32,79,2/5/2016
9,59,42,2/4/2016
7,26,2,2/3/2016
66,1,98,2/2/2016
74,68,29,2/1/2016
71,60,14,1/31/2016
65,25,42,1/30/2016
32,10,91,1/29/2016
25,32,85,1/28/2016
15,80,14,1/27/2016
6,59,87,1/26/2016
26,42,93,1/25/2016
72,77,55,1/24/2016
2,54,46,1/23/2016
61,18,87,1/22/2016
97,45,18,1/21/2016
97,45,18,1/20/2016
31,64,71,1/19/2016
63,4,84,1/18/2016
52,73,2,1/17/2016
71,60,58,1/16/2016
14,4,2,1/15/2016
66,79,60,1/14/2016
70,25,37,1/13/2016
64,74,32,1/12/2016
25,18,83,1/11/2016
0,85,16,1/10/2016
44,22,64,1/9/2016
47,38,55,1/8/2016
75,76,65,1/7/2016
35,78,82,1/6/2016
10,57,53,1/5/2016
1,83,36,1/4/2016
21,22,83,1/3/2016
9,58,71,1/2/2016
24,96,15,1/1/2016
24,96,15,12/31/2015
24,96,15,12/30/2015
95,57,57,12/29/2015
87,90,60,12/28/2015
17,37,15,12/27/2015
72,33,53,12/26/2015
54,81,35,12/25/2015
54,81,35,12/24/2015
54,81,35,12/23/2015
61,23,3,12/22/2015
62,7,86,12/21/2015
28,9,86,12/20/2015
35,7,38,12/19/2015
2,19,27,12/18/2015
87,88,88,12/17/2015
81,35,99,12/16/2015
34,28,28,12/15/2015
71,91,23,12/14/2015
1,77,26,12/13/2015
0,17,0,12/12/2015
32,4,4,12/11/2015
10,99,51,12/10/2015
37,90,54,12/9/2015
97,96,27,12/8/2015
24,5,30,12/7/2015
66,59,61,12/6/2015
73,7,5,12/5/2015
54,88,32,12/4/2015
82,12,46,12/3/2015
25,5,89,12/2/2015
94,70,82,12/1/2015
16,53,79,11/30/2015
8,1,18,11/29/2015
97,13,44,11/28/2015
66,23,32,11/27/2015
67,63,56,11/26/2015
99,31,61,11/25/2015
44,96,33,11/24/2015
64,78,21,11/23/2015
96,61,36,11/22/2015
41,35,52,11/21/2015
92,0,28,11/20/2015
20,65,44,11/19/2015
76,37,58,11/18/2015
37,43,68,11/17/2015
83,0,91,11/16/2015
29,55,46,11/15/2015
28,84,28,11/14/2015
18,49,46,11/13/2015
85,71,44,11/12/2015
66,60,61,11/11/2015
85,1,77,11/10/2015
57,51,86,11/9/2015
95,18,46,11/8/2015
91,60,1,11/7/2015
13,69,70,11/6/2015
66,81,76,11/5/2015
46,83,50,11/4/2015
47,63,46,11/3/2015
0,50,32,11/2/2015
69,44,17,11/1/2015
29,63,48,10/31/2015
27,88,43,10/30/2015
42,83,60,10/29/2015
98,32,78,10/28/2015
55,91,56,10/27/2015
13,44,17,10/26/2015
86,85,27,10/25/2015
77,69,76,10/24/2015
12,36,83,10/23/2015
24,20,68,10/22/2015
38,63,77,10/21/2015
98,22,60,10/20/2015
14,61,87,10/19/2015
82,9,39,10/18/2015
1,13,12,10/17/2015
21,72,41,10/16/2015
77,13,67,10/15/2015
13,85,31,10/14/2015
26,16,61,10/13/2015
22,19,63,10/12/2015
49,75,77,10/11/2015
3,1,56,10/10/2015
67,42,9,10/9/2015
27,29,49,10/8/2015
75,86,41,10/7/2015
25,30,89,10/6/2015
1,72,1,10/5/2015
88,32,99,10/4/2015
64,85,1,10/3/2015
18,20,50,10/2/2015
89,69,21,10/1/2015
76,36,80,9/30/2015
68,14,75,9/29/2015
92,54,16,9/28/2015
0,46,94,9/27/2015
71,86,7,9/26/2015
69,96,52,9/25/2015
22,96,42,9/24/2015
22,96,42,9/23/2015
43,51,94,9/22/2015
99,42,44,9/21/2015
13,32,19,9/20/2015
0,69,88,9/19/2015
71,74,5,9/18/2015
91,10,55,9/17/2015
8,51,30,9/16/2015
42,85,85,9/15/2015
14,41,83,9/14/2015
36,5,42,9/13/2015
42,71,18,9/12/2015
77,24,86,9/11/2015
82,50,8,9/10/2015
35,92,15,9/9/2015
25,89,5,9/8/2015
95,95,96,9/7/2015
96,55,82,9/6/2015
97,4,94,9/5/2015
72,41,4,9/4/2015
67,26,12,9/3/2015
31,88,51,9/2/2015
11,10,51,9/1/2015
43,38,2,8/31/2015
33,4,50,8/30/2015
91,27,72,8/29/2015
4,2,68,8/28/2015
4,2,68,8/27/2015
12,92,11,8/26/2015
18,35,90,8/25/2015
99,24,28,8/24/2015
72,15,19,8/23/2015
61,47,79,8/22/2015
25,59,65,8/21/2015
54,33,39,8/20/2015
13,72,48,8/19/2015
90,14,39,8/18/2015
21,96,72,8/17/2015
51,16,1,8/16/2015
46,64,63,8/15/2015
11,44,69,8/14/2015
22,54,8,8/13/2015
51,72,76,8/12/2015
78,51,71,8/11/2015
18,97,48,8/10/2015
74,82,48,8/9/2015
86,86,59,8/8/2015
5,93,83,8/7/2015
7,68,57,8/6/2015
53,68,7,8/5/2015
74,76,82,8/4/2015
32,63,25,8/3/2015
36,90,40,8/2/2015
84,98,43,8/1/2015
88,66,17,7/31/2015
69,67,74,7/30/2015
31,35,64,7/29/2015
4,10,82,7/28/2015
43,26,65,7/27/2015
88,61,63,7/26/2015
37,35,8,7/25/2015
81,94,67,7/24/2015
34,96,28,7/23/2015
61,37,23,7/22/2015
79,13,61,7/21/2015
98,27,37,7/20/2015
97,99,14,7/19/2015
44,89,6,7/18/2015
21,30,6,7/17/2015
15,83,99,7/16/2015
42,63,58,7/15/2015
64,56,42,7/14/2015
27,2,73,7/13/2015
29,83,84,7/12/2015
46,78,32,7/11/2015
48,44,33,7/10/2015
61,76,91,7/9/2015
50,14,53,7/8/2015
49,65,41,7/7/2015
52,24,46,7/6/2015
54,43,16,7/5/2015
75,42,29,7/4/2015
16,87,13,7/3/2015
86,9,90,7/2/2015
39,74,94,7/1/2015
88,57,71,6/30/2015
84,82,84,6/29/2015
53,25,19,6/28/2015
69,67,32,6/27/2015
67,12,56,6/26/2015
46,74,90,6/25/2015
78,62,88,6/24/2015
69,98,58,6/23/2015
10,64,93,6/22/2015
29,2,82,6/21/2015
13,42,4,6/20/2015
71,67,83,6/19/2015
34,15,88,6/18/2015
5,76,69,6/17/2015
83,97,60,6/16/2015
16,28,71,6/15/2015
42,38,0,6/14/2015
9,85,50,6/13/2015
96,5,50,6/12/2015
97,96,28,6/11/2015
39,29,79,6/10/2015
66,97,26,6/9/2015
97,6,57,6/8/2015
26,64,63,6/7/2015
28,19,24,6/6/2015
72,44,23,6/5/2015
18,19,58,6/4/2015
4,31,94,6/3/2015
40,27,74,6/2/2015
48,13,50,6/1/2015
34,22,34,5/31/2015
9,62,94,5/30/2015
97,95,55,5/29/2015
85,72,53,5/28/2015
76,21,88,5/27/2015
77,81,80,5/26/2015
87,33,3,5/25/2015
1,65,73,5/24/2015
37,66,28,5/23/2015
7,76,11,5/22/2015
42,38,34,5/21/2015
26,6,29,5/20/2015
64,34,68,5/19/2015
52,28,83,5/18/2015
84,64,77,5/17/2015
68,44,43,5/16/2015
59,74,90,5/15/2015
24,40,5,5/14/2015
69,80,0,5/13/2015
58,67,75,5/12/2015
51,6,7,5/11/2015
38,47,43,5/10/2015
99,49,57,5/9/2015
70,90,38,5/8/2015
76,58,0,5/7/2015
78,49,11,5/6/2015
63,65,25,5/5/2015
92,31,31,5/4/2015
65,36,46,5/3/2015
6,75,70,5/2/2015
2,75,42,5/1/2015
96,61,97,4/30/2015
9,87,11,4/29/2015
71,56,44,4/28/2015
86,90,0,4/27/2015
12,58,34,4/26/2015
40,72,80,4/25/2015
24,9,36,4/24/2015
24,57,11,4/23/2015
82,71,68,4/22/2015
32,19,49,4/21/2015
93,37,73,4/20/2015
61,11,33,4/19/2015
65,44,62,4/18/2015
44,47,55,4/17/2015
81,1,11,4/16/2015
99,23,37,4/15/2015
59,37,71,4/14/2015
15,59,83,4/13/2015
42,3,96,4/12/2015
77,6,77,4/11/2015
37,66,39,4/10/2015
78,4,29,4/9/2015
80,22,46,4/8/2015
26,44,18,4/7/2015
32,25,75,4/6/2015
14,9,96,4/5/2015
97,61,71,4/4/2015
97,61,71,4/3/2015
97,61,71,4/2/2015
97,61,71,4/1/2015
47,40,6,3/31/2015
83,11,19,3/30/2015
53,39,75,3/29/2015
7,91,81,3/28/2015
19,46,26,3/27/2015
2,26,8,3/26/2015
8,59,83,3/25/2015
64,88,45,3/24/2015
36,84,60,3/23/2015
24,5,9,3/22/2015
94,99,62,3/21/2015
10,67,17,3/20/2015
68,82,55,3/19/2015
90,69,45,3/18/2015
12,56,73,3/17/2015
68,38,80,3/16/2015
15,43,7,3/15/2015
96,34,65,3/14/2015
2,48,63,3/13/2015
38,12,38,3/12/2015
75,77,71,3/11/2015
53,92,96,3/10/2015
22,51,29,3/9/2015
97,85,62,3/8/2015
86,40,70,3/7/2015
64,25,10,3/6/2015
55,0,92,3/5/2015
98,74,12,3/4/2015
20,98,92,3/3/2015
86,86,14,3/2/2015
69,75,25,3/1/2015
94,97,19,2/28/2015
73,94,75,2/27/2015
73,94,75,2/26/2015
43,63,72,2/25/2015
37,41,37,2/24/2015
71,1,67,2/23/2015
70,34,52,2/22/2015
28,70,7,2/21/2015
66,3,19,2/20/2015
47,9,22,2/19/2015
29,6,9,2/18/2015
77,48,17,2/17/2015
3,57,39,2/16/2015
12,45,22,2/15/2015
88,46,19,2/14/2015
14,63,68,2/13/2015
25,94,35,2/12/2015
52,22,80,2/11/2015
91,57,22,2/10/2015
7,47,24,2/9/2015
75,38,14,2/8/2015
27,63,74,2/7/2015
6,64,55,2/6/2015
84,10,91,2/5/2015
93,30,13,2/4/2015
78,28,5,2/3/2015
99,15,56,2/2/2015
33,3,73,2/1/2015
6,33,83,1/31/2015
34,43,4,1/30/2015
15,84,57,1/29/2015
41,62,91,1/28/2015
57,44,91,1/27/2015
73,59,39,1/26/2015
39,76,31,1/25/2015
37,99,96,1/24/2015
46,34,8,1/23/2015
4,32,43,1/22/2015
59,62,44,1/21/2015
59,62,44,1/20/2015
74,56,54,1/19/2015
49,59,6,1/18/2015
29,90,41,1/17/2015
77,56,98,1/16/2015
69,78,6,1/15/2015
29,0,4,1/14/2015
33,10,90,1/13/2015
62,59,7,1/12/2015
33,99,48,1/11/2015
76,45,54,1/10/2015
19,35,32,1/9/2015
56,81,21,1/8/2015
37,52,78,1/7/2015
52,60,77,1/6/2015
60,43,5,1/5/2015
80,32,62,1/4/2015
47,79,22,1/3/2015
43,38,38,1/2/2015
48,25,23,1/1/2015
48,25,23,12/31/2014
48,25,23,12/30/2014
31,91,73,12/29/2014
96,53,15,12/28/2014
31,58,12,12/27/2014
62,63,31,12/26/2014
60,59,41,12/25/2014
60,59,41,12/24/2014
60,59,41,12/23/2014
41,0,23,12/22/2014
84,25,78,12/21/2014
20,82,6,12/20/2014
35,93,6,12/19/2014
47,9,37,12/18/2014
54,45,17,12/17/2014
1,30,2,12/16/2014
29,88,78,12/15/2014
81,73,45,12/14/2014
34,1,67,12/13/2014
89,74,38,12/12/2014
22,72,72,12/11/2014
16,41,6,12/10/2014
33,54,34,12/9/2014
42,69,77,12/8/2014
17,78,83,12/7/2014
37,59,36,12/6/2014
75,1,51,12/5/2014
5,20,65,12/4/2014
27,22,61,12/3/2014
21,11,98,12/2/2014
41,98,93,12/1/2014
98,23,45,11/30/2014
42,93,17,11/29/2014
17,21,66,11/28/2014
36,19,63,11/27/2014
47,62,25,11/26/2014
49,87,14,11/25/2014
59,63,30,11/24/2014
11,88,33,11/23/2014
55,88,3,11/22/2014
89,16,10,11/21/2014
43,27,36,11/20/2014
36,19,91,11/19/2014
68,3,36,11/18/2014
88,42,17,11/17/2014
36,14,20,11/16/2014
61,30,16,11/15/2014
43,58,61,11/14/2014
20,44,17,11/13/2014
6,29,37,11/12/2014
13,83,47,11/11/2014
43,29,59,11/10/2014
33,24,14,11/9/2014
27,44,19,11/8/2014
26,48,33,11/7/2014
70,30,87,11/6/2014
77,51,71,11/5/2014
79,96,26,11/4/2014
32,45,39,11/3/2014
76,26,76,11/2/2014
55,53,5,11/1/2014
11,45,31,10/31/2014
64,93,35,10/30/2014
22,64,60,10/29/2014
70,50,42,10/28/2014
11,45,49,10/27/2014
43,27,35,10/26/2014
0,29,10,10/25/2014
12,24,98,10/24/2014
57,99,69,10/23/2014
14,44,25,10/22/2014
57,24,40,10/21/2014
96,34,71,10/20/2014
51,43,26,10/19/2014
27,42,45,10/18/2014
53,26,76,10/17/2014
44,3,60,10/16/2014
65,64,62,10/15/2014
63,35,4,10/14/2014
42,50,72,10/13/2014
4,16,61,10/12/2014
84,79,63,10/11/2014
6,47,88,10/10/2014
83,56,36,10/9/2014
2,32,2,10/8/2014
51,22,87,10/7/2014
55,97,64,10/6/2014
62,31,32,10/5/2014
50,11,81,10/4/2014
74,49,69,10/3/2014
88,58,48,10/2/2014
19,30,95,10/1/2014
98,78,93,9/30/2014
29,73,59,9/29/2014
76,76,92,9/28/2014
12,80,47,9/27/2014
38,36,45,9/26/2014
30,8,13,9/25/2014
24,94,28,9/24/2014
24,94,28,9/23/2014
0,61,29,9/22/2014
49,23,28,9/21/2014
4,59,67,9/20/2014
99,44,87,9/19/2014
17,1,34,9/18/2014
77,81,54,9/17/2014
49,12,92,9/16/2014
0,65,14,9/15/2014
16,48,12,9/14/2014
30,73,4,9/13/2014
81,75,1,9/12/2014
0,46,5,9/11/2014
54,43,70,9/10/2014
62,73,37,9/9/2014
52,58,34,9/8/2014
93,60,30,9/7/2014
43,95,31,9/6/2014
16,31,72,9/5/2014
22,72,53,9/4/2014
59,70,87,9/3/2014
72,32,24,9/2/2014
80,88,27,9/1/2014
2,0,43,8/31/2014
79,16,89,8/30/2014
80,78,10,8/29/2014
38,45,85,8/28/2014
95,46,62,8/27/2014
69,60,39,8/26/2014
91,21,39,8/25/2014
17,82,21,8/24/2014
38,86,35,8/23/2014
61,66,32,8/22/2014
12,84,41,8/21/2014
9,99,70,8/20/2014
31,77,90,8/19/2014
28,20,34,8/18/2014
71,52,47,8/17/2014
82,40,32,8/16/2014
82,24,8,8/15/2014
22,47,29,8/14/2014
34,79,65,8/13/2014
15,32,89,8/12/2014
70,97,47,8/11/2014
78,97,36,8/10/2014
7,32,79,8/9/2014
68,75,65,8/8/2014
26,81,27,8/7/2014
10,27,56,8/6/2014
88,26,78,8/5/2014
58,85,87,8/4/2014
46,1,97,8/3/2014
36,79,63,8/2/2014
65,5,36,8/1/2014
88,73,50,7/31/2014
73,37,38,7/30/2014
49,54,54,7/29/2014
78,13,91,7/28/2014
70,33,59,7/27/2014
89,77,51,7/26/2014
58,89,59,7/25/2014
45,70,64,7/24/2014
31,6,5,7/23/2014
17,98,96,7/22/2014
69,68,79,7/21/2014
31,19,1,7/20/2014
57,43,22,7/19/2014
28,81,33,7/18/2014
65,62,5,7/17/2014
11,27,46,7/16/2014
10,78,3,7/15/2014
30,23,93,7/14/2014
43,63,49,7/13/2014
13,34,90,7/12/2014
50,58,74,7/11/2014
25,38,97,7/10/2014
18,3,2,7/9/2014
92,70,61,7/8/2014
24,5,66,7/7/2014
71,19,34,7/6/2014
76,89,81,7/5/2014
26,13,54,7/4/2014
60,91,90,7/3/2014
84,21,31,7/2/2014
56,64,80,7/1/2014
42,63,3,6/30/2014
74,87,71,6/29/2014
80,28,61,6/28/2014
3,82,72,6/27/2014
16,30,59,6/26/2014
15,48,93,6/25/2014
71,18,28,6/24/2014
71,30,98,6/23/2014
32,45,66,6/22/2014
94,18,17,6/21/2014
52,62,34,6/20/2014
26,7,52,6/19/2014
17,79,3,6/18/2014
92,79,67,6/17/2014
73,23,56,6/16/2014
40,34,41,6/15/2014
53,83,97,6/14/2014
2,57,40,6/13/2014
41,92,74,6/12/2014
75,36,53,6/11/2014
8,54,47,6/10/2014
16,72,17,6/9/2014
10,20,7,6/8/2014
23,95,4,6/7/2014
69,49,8,6/6/2014
33,11,26,6/5/2014
36,20,39,6/4/2014
79,54,0,6/3/2014
58,1,1,6/2/2014
50,38,91,6/1/2014
17,89,25,5/31/2014
75,48,92,5/30/2014
20,61,9,5/29/2014
94,27,38,5/28/2014
59,12,84,5/27/2014
73,53,80,5/26/2014
63,69,45,5/25/2014
73,52,93,5/24/2014
93,68,92,5/23/2014
76,98,20,5/22/2014
61,45,67,5/21/2014
87,15,2,5/20/2014
53,16,23,5/19/2014
22,65,26,5/18/2014
2,80,38,5/17/2014
83,71,47,5/16/2014
62,70,67,5/15/2014
29,81,66,5/14/2014
43,46,48,5/13/2014
81,29,22,5/12/2014
6,12,90,5/11/2014
87,64,30,5/10/2014
86,94,49,5/9/2014
90,31,54,5/8/2014
56,69,88,5/7/2014
45,2,14,5/6/2014
30,25,4,5/5/2014
4,87,73,5/4/2014
86,14,37,5/3/2014
38,89,7,5/2/2014
67,13,80,5/1/2014
5,54,95,4/30/2014
93,72,37,4/29/2014
15,90,7,4/28/2014
6,73,92,4/27/2014
11,45,96,4/26/2014
21,38,80,4/25/2014
23,98,69,4/24/2014
6,65,62,4/23/2014
49,21,73,4/22/2014
98,38,43,4/21/2014
90,67,34,4/20/2014
56,10,96,4/19/2014
56,10,96,4/18/2014
56,10,96,4/17/2014
56,10,96,4/16/2014
10,37,9,4/15/2014
7,87,27,4/14/2014
77,7,97,4/13/2014
72,91,70,4/12/2014
49,49,21,4/11/2014
4,51,68,4/10/2014
28,74,94,4/9/2014
78,1,79,4/8/2014
80,39,49,4/7/2014
15,29,94,4/6/2014
72,73,6,4/5/2014
32,80,94,4/4/2014
37,83,26,4/3/2014
22,27,28,4/2/2014
65,39,9,4/1/2014
78,68,69,3/31/2014
27,28,37,3/30/2014
77,35,92,3/29/2014
72,44,83,3/28/2014
79,18,34,3/27/2014
91,46,52,3/26/2014
45,96,96,3/25/2014
0,88,99,3/24/2014
59,10,9,3/23/2014
70,26,17,3/22/2014
89,6,38,3/21/2014
86,76,73,3/20/2014
10,39,55,3/19/2014
68,89,87,3/18/2014
10,46,61,3/17/2014
10,54,90,3/16/2014
5,30,1,3/15/2014
8,66,11,3/14/2014
23,84,47,3/13/2014
83,74,87,3/12/2014
50,96,88,3/11/2014
58,5,19,3/10/2014
69,40,68,3/9/2014
86,47,18,3/8/2014
67,58,26,3/7/2014
16,7,47,3/6/2014
80,7,76,3/5/2014
6,12,82,3/4/2014
77,46,29,3/3/2014
5,0,59,3/2/2014
72,13,23,3/1/2014
34,33,22,2/28/2014
64,75,6,2/27/2014
64,75,6,2/26/2014
78,7,90,2/25/2014
18,79,81,2/24/2014
95,29,14,2/23/2014
84,40,41,2/22/2014
60,53,16,2/21/2014
80,58,28,2/20/2014
24,97,98,2/19/2014
23,59,28,2/18/2014
72,56,95,2/17/2014
30,12,22,2/16/2014
33,66,21,2/15/2014
68,26,33,2/14/2014
46,91,40,2/13/2014
36,1,13,2/12/2014
31,99,0,2/11/2014
28,29,28,2/10/2014
34,61,41,2/9/2014
51,58,95,2/8/2014
52,44,81,2/7/2014
99,49,91,2/6/2014
14,63,80,2/5/2014
97,96,94,2/4/2014
15,34,28,2/3/2014
64,28,39,2/2/2014
3,41,1,2/1/2014
27,62,44,1/31/2014
9,17,34,1/30/2014
91,80,59,1/29/2014
54,26,6,1/28/2014
50,55,71,1/27/2014
21,86,11,1/26/2014
16,27,21,1/25/2014
55,37,59,1/24/2014
46,84,73,1/23/2014
7,2,67,1/22/2014
35,36,54,1/21/2014
35,36,54,1/20/2014
52,92,14,1/19/2014
53,75,44,1/18/2014
98,0,95,1/17/2014
36,97,97,1/16/2014
17,25,27,1/15/2014
5,39,84,1/14/2014
51,56,56,1/13/2014
34,7,11,1/12/2014
91,4,10,1/11/2014
13,63,77,1/10/2014
20,0,45,1/9/2014
3,17,62,1/8/2014
21,85,31,1/7/2014
38,18,56,1/6/2014
15,25,6,1/5/2014
93,2,62,1/4/2014
62,51,60,1/3/2014
84,22,28,1/2/2014
4,58,24,1/1/2014
4,58,24,12/31/2013
4,58,24,12/30/2013
73,9,52,12/29/2013
69,28,41,12/28/2013
84,72,19,12/27/2013
17,97,60,12/26/2013
75,19,30,12/25/2013
75,19,30,12/24/2013
75,19,30,12/23/2013
54,26,80,12/22/2013
89,59,17,12/21/2013
94,89,4,12/20/2013
9,43,92,12/19/2013
46,89,40,12/18/2013
7,8,83,12/17/2013
5,10,46,12/16/2013
61,71,51,12/15/2013
52,53,8,12/14/2013
99,71,40,12/13/2013
92,30,11,12/12/2013
15,5,59,12/11/2013
86,55,31,12/10/2013
37,85,83,12/9/2013
98,48,82,12/8/2013
25,50,23,12/7/2013
44,66,4,12/6/2013
2,89,8,12/5/2013
64,81,95,12/4/2013
20,2,86,12/3/2013
14,1,12,12/2/2013
2,26,56,12/1/2013
66,93,28,11/30/2013
7,36,83,11/29/2013
95,35,8,11/28/2013
47,8,87,11/27/2013
97,91,91,11/26/2013
2,96,34,11/25/2013
23,10,87,11/24/2013
67,14,19,11/23/2013
74,65,99,11/22/2013
66,28,94,11/21/2013
36,93,51,11/20/2013
5,66,37,11/19/2013
92,43,97,11/18/2013
63,78,35,11/17/2013
28,20,9,11/16/2013
23,37,15,11/15/2013
14,87,50,11/14/2013
56,36,43,11/13/2013
4,55,44,11/12/2013
59,18,55,11/11/2013
17,95,4,11/10/2013
11,2,51,11/9/2013
74,1,83,11/8/2013
65,78,54,11/7/2013
64,42,39,11/6/2013
6,99,69,11/5/2013
61,1,45,11/4/2013
95,74,11,11/3/2013
68,94,29,11/2/2013
50,60,39,11/1/2013
29,5,14,10/31/2013
57,2,88,10/30/2013
48,93,34,10/29/2013
45,52,49,10/28/2013
51,81,28,10/27/2013
40,23,9,10/26/2013
51,46,16,10/25/2013
30,52,12,10/24/2013
43,25,32,10/23/2013
62,20,38,10/22/2013
20,39,24,10/21/2013
49,95,48,10/20/2013
14,8,18,10/19/2013
46,98,74,10/18/2013
4,20,61,10/17/2013
37,69,69,10/16/2013
68,97,82,10/15/2013
78,49,65,10/14/2013
97,17,48,10/13/2013
13,87,66,10/12/2013
14,77,72,10/11/2013
59,16,46,10/10/2013
1,81,93,10/9/2013
38,67,83,10/8/2013
10,39,64,10/7/2013
24,69,31,10/6/2013
67,23,49,10/5/2013
59,76,54,10/4/2013
67,6,66,10/3/2013
30,12,97,10/2/2013
25,41,76,10/1/2013
30,22,68,9/30/2013
93,2,5,9/29/2013
43,71,4,9/28/2013
11,68,1,9/27/2013
88,14,10,9/26/2013
30,86,42,9/25/2013
86,68,13,9/24/2013
86,68,13,9/23/2013
53,11,70,9/22/2013
63,30,30,9/21/2013
62,15,9,9/20/2013
59,76,55,9/19/2013
60,3,54,9/18/2013
72,40,90,9/17/2013
95,88,43,9/16/2013
48,14,87,9/15/2013
18,51,98,9/14/2013
65,47,13,9/13/2013
90,4,52,9/12/2013
35,39,2,9/11/2013
90,18,92,9/10/2013
5,29,83,9/9/2013
95,3,9,9/8/2013
79,20,89,9/7/2013
29,22,93,9/6/2013
92,33,26,9/5/2013
96,2,87,9/4/2013
61,12,37,9/3/2013
79,67,60,9/2/2013
61,41,66,9/1/2013
24,99,97,8/31/2013
67,71,47,8/30/2013
42,84,14,8/29/2013
80,2,60,8/28/2013
87,7,40,8/27/2013
83,80,31,8/26/2013
34,66,0,8/25/2013
54,37,61,8/24/2013
42,80,32,8/23/2013
88,29,12,8/22/2013
85,87,45,8/21/2013
39,86,60,8/20/2013
53,98,95,8/19/2013
87,44,42,8/18/2013
68,79,66,8/17/2013
25,94,98,8/16/2013
25,94,98,8/15/2013
93,3,6,8/14/2013
20,27,99,8/13/2013
87,71,49,8/12/2013
83,81,51,8/11/2013
81,6,74,8/10/2013
98,74,95,8/9/2013
62,80,7,8/8/2013
34,3,24,8/7/2013
0,43,53,8/6/2013
82,90,28,8/5/2013
3,53,46,8/4/2013
10,68,61,8/3/2013
56,44,88,8/2/2013
66,51,81,8/1/2013
30,1,2,7/31/2013
5,45,28,7/30/2013
74,62,59,7/29/2013
59,42,74,7/28/2013
29,65,90,7/27/2013
64,45,77,7/26/2013
31,6,53,7/25/2013
64,90,82,7/24/2013
57,26,77,7/23/2013
36,14,76,7/22/2013
58,49,10,7/21/2013
28,61,53,7/20/2013
84,28,6,7/19/2013
3,66,41,7/18/2013
18,20,27,7/17/2013
40,23,57,7/16/2013
46,41,42,7/15/2013
77,29,83,7/14/2013
20,71,76,7/13/2013
28,19,48,7/12/2013
68,82,3,7/11/2013
61,79,80,7/10/2013
61,79,80,7/9/2013
10,16,42,7/8/2013
90,81,10,7/7/2013
6,97,8,7/6/2013
73,95,82,7/5/2013
24,77,1,7/4/2013
26,3,83,7/3/2013
99,36,8,7/2/2013
32,86,50,7/1/2013
77,29,88,6/30/2013
33,53,18,6/29/2013
51,46,69,6/28/2013
41,92,52,6/27/2013
51,0,83,6/26/2013
53,55,31,6/25/2013
22,65,55,6/24/2013
51,20,47,6/23/2013
2,44,41,6/22/2013
87,61,90,6/21/2013
49,59,72,6/20/2013
7,26,36,6/19/2013
70,60,98,6/18/2013
78,62,54,6/17/2013
72,82,86,6/16/2013
59,2,93,6/15/2013
7,62,14,6/14/2013
38,9,66,6/13/2013
32,12,29,6/12/2013
82,90,3,6/11/2013
31,11,0,6/10/2013
25,80,2,6/9/2013
52,89,77,6/8/2013
84,30,31,6/7/2013
47,36,87,6/6/2013
9,5,51,6/5/2013
86,4,12,6/4/2013
50,7,27,6/3/2013
44,97,49,6/2/2013
9,86,22,6/1/2013
57,70,2,5/31/2013
66,63,47,5/30/2013
0,52,10,5/29/2013
82,72,63,5/28/2013
98,98,53,5/27/2013
30,25,31,5/26/2013
52,38,42,5/25/2013
77,54,85,5/24/2013
1,10,30,5/23/2013
19,39,38,5/22/2013
83,0,76,5/21/2013
23,43,88,5/20/2013
41,0,23,5/19/2013
21,9,63,5/18/2013
4,37,64,5/17/2013
61,55,0,5/16/2013
4,38,79,5/15/2013
72,97,31,5/14/2013
8,72,16,5/13/2013
27,35,18,5/12/2013
51,31,48,5/11/2013
43,22,80,5/10/2013
12,91,82,5/9/2013
69,11,55,5/8/2013
90,92,14,5/7/2013
69,89,94,5/6/2013
92,88,37,5/5/2013
70,4,80,5/4/2013
12,51,10,5/3/2013
39,74,83,5/2/2013
9,11,19,5/1/2013
45,77,42,4/30/2013
18,86,42,4/29/2013
26,62,33,4/28/2013
71,81,86,4/27/2013
8,37,77,4/26/2013
51,35,13,4/25/2013
26,62,76,4/24/2013
37,44,32,4/23/2013
41,73,48,4/22/2013
98,7,37,4/21/2013
76,99,49,4/20/2013
15,47,11,4/19/2013
48,74,33,4/18/2013
71,66,13,4/17/2013
90,31,71,4/16/2013
10,27,39,4/15/2013
17,33,4,4/14/2013
20,74,22,4/13/2013
13,50,17,4/12/2013
64,93,20,4/11/2013
91,23,75,4/10/2013
87,30,59,4/9/2013
77,80,50,4/8/2013
72,5,74,4/7/2013
52,75,40,4/6/2013
64,49,70,4/5/2013
91,73,36,4/4/2013
32,66,61,4/3/2013
30,22,73,4/2/2013
67,98,74,4/1/2013
50,87,68,3/31/2013
31,39,11,3/30/2013
31,39,11,3/29/2013
31,39,11,3/28/2013
31,39,11,3/27/2013
93,54,75,3/26/2013
56,90,96,3/25/2013
2,72,58,3/24/2013
83,39,92,3/23/2013
0,84,9,3/22/2013
29,59,1,3/21/2013
59,71,47,3/20/2013
97,0,69,3/19/2013
53,52,95,3/18/2013
64,70,26,3/17/2013
21,56,75,3/16/2013
57,39,28,3/15/2013
17,41,41,3/14/2013
74,80,23,3/13/2013
9,63,28,3/12/2013
85,70,26,3/11/2013
53,34,57,3/10/2013
28,88,60,3/9/2013
84,20,46,3/8/2013
14,25,22,3/7/2013
68,44,30,3/6/2013
86,27,31,3/5/2013
16,45,14,3/4/2013
55,1,28,3/3/2013
8,74,13,3/2/2013
36,40,83,3/1/2013
41,40,70,2/28/2013
2,70,20,2/27/2013
2,70,20,2/26/2013
99,84,74,2/25/2013
62,78,96,2/24/2013
68,76,14,2/23/2013
55,61,50,2/22/2013
66,26,86,2/21/2013
5,55,81,2/20/2013
8,24,78,2/19/2013
58,40,0,2/18/2013
91,30,52,2/17/2013
62,84,95,2/16/2013
39,88,5,2/15/2013
52,75,64,2/14/2013
19,46,52,2/13/2013
78,12,93,2/12/2013
46,93,19,2/11/2013
3,12,33,2/10/2013
81,78,59,2/9/2013
9,65,50,2/8/2013
29,50,68,2/7/2013
29,31,11,2/6/2013
75,86,77,2/5/2013
85,21,91,2/4/2013
62,57,97,2/3/2013
61,17,56,2/2/2013
88,76,68,2/1/2013
35,81,70,1/31/2013
84,24,71,1/30/2013
18,87,54,1/29/2013
44,44,85,1/28/2013
87,95,13,1/27/2013
78,43,41,1/26/2013
43,35,93,1/25/2013
53,92,69,1/24/2013
80,35,11,1/23/2013
49,39,45,1/22/2013
12,32,75,1/21/2013
12,32,75,1/20/2013
28,14,7,1/19/2013
61,47,31,1/18/2013
99,28,21,1/17/2013
91,90,62,1/16/2013
11,22,90,1/15/2013
82,5,48,1/14/2013
11,44,50,1/13/2013
3,30,28,1/12/2013
29,93,28,1/11/2013
48,62,20,1/10/2013
26,75,48,1/9/2013
94,83,81,1/8/2013
86,52,68,1/7/2013
61,11,24,1/6/2013
95,78,51,1/5/2013
10,10,23,1/4/2013
57,40,88,1/3/2013
88,30,3,1/2/2013
56,78,0,1/1/2013
56,78,0,12/31/2012
56,78,0,12/30/2012
6,76,6,12/29/2012
21,79,41,12/28/2012
50,24,84,12/27/2012
96,69,88,12/26/2012
3,75,95,12/25/2012
3,75,95,12/24/2012
3,75,95,12/23/2012
66,57,25,12/22/2012
39,40,43,12/21/2012
53,8,70,12/20/2012
8,44,25,12/19/2012
20,21,89,12/18/2012
35,25,5,12/17/2012
34,84,3,12/16/2012
86,61,12,12/15/2012
12,63,57,12/14/2012
20,59,49,12/13/2012
77,91,2,12/12/2012
79,24,66,12/11/2012
67,48,4,12/10/2012
46,68,95,12/9/2012
69,79,36,12/8/2012
84,21,91,12/7/2012
35,99,33,12/6/2012
63,28,51,12/5/2012
7,17,94,12/4/2012
30,17,20,12/3/2012
34,83,2,12/2/2012
38,20,27,12/1/2012
33,67,64,11/30/2012
1,1,4,11/29/2012
13,2,92,11/28/2012
38,26,10,11/27/2012
36,20,54,11/26/2012
53,81,87,11/25/2012
35,16,87,11/24/2012
84,9,64,11/23/2012
73,18,54,11/22/2012
27,97,42,11/21/2012
93,30,22,11/20/2012
87,11,88,11/19/2012
15,13,6,11/18/2012
61,27,87,11/17/2012
58,66,31,11/16/2012
79,68,49,11/15/2012
15,96,95,11/14/2012
36,88,70,11/13/2012
49,4,17,11/12/2012
29,49,7,11/11/2012
59,86,44,11/10/2012
19,79,69,11/9/2012
65,27,16,11/8/2012
42,14,6,11/7/2012
36,8,20,11/6/2012
21,87,64,11/5/2012
73,33,17,11/4/2012
74,67,29,11/3/2012
54,46,17,11/2/2012
0,61,12,11/1/2012
25,56,14,10/31/2012
68,90,4,10/30/2012
31,56,88,10/29/2012
39,38,52,10/28/2012
0,55,53,10/27/2012
51,34,13,10/26/2012
98,66,38,10/24/2012
48,29,67,10/23/2012
42,12,31,10/22/2012
7,88,43,10/21/2012
74,64,84,10/20/2012
23,80,83,10/19/2012
83,19,88,10/18/2012
6,14,63,10/17/2012
1,77,28,10/16/2012
24,11,8,10/15/2012
69,19,45,10/14/2012
61,49,88,10/13/2012
59,12,79,10/12/2012
27,76,68,10/11/2012
80,80,91,10/10/2012
2,31,82,10/9/2012
16,55,10,10/8/2012
86,40,37,10/7/2012
14,17,65,10/6/2012
14,79,32,10/5/2012
98,23,80,10/4/2012
58,99,17,10/3/2012
34,57,41,10/2/2012
3,41,58,10/1/2012
4,45,54,9/30/2012
14,12,19,9/29/2012
73,98,36,9/28/2012
3,71,27,9/27/2012
21,43,68,9/26/2012
74,15,49,9/25/2012
48,3,94,9/24/2012
48,3,94,9/23/2012
64,46,24,9/22/2012
11,40,80,9/21/2012
89,37,49,9/20/2012
72,29,15,9/19/2012
10,38,40,9/18/2012
12,66,80,9/17/2012
25,23,12,9/16/2012
27,76,23,9/15/2012
68,25,83,9/14/2012
10,1,62,9/13/2012
75,42,29,9/12/2012
90,89,6,9/11/2012
82,37,27,9/10/2012
87,53,75,9/9/2012
30,93,78,9/8/2012
58,93,10,9/7/2012
98,73,43,9/6/2012
12,52,38,9/5/2012
96,68,67,9/4/2012
30,93,96,9/3/2012
8,13,30,9/2/2012
97,69,36,9/1/2012
1,98,16,8/31/2012
20,85,89,8/30/2012
87,7,1,8/29/2012
32,3,8,8/28/2012
19,63,38,8/27/2012
44,38,38,8/26/2012
89,13,90,8/25/2012
92,93,5,8/24/2012
60,18,88,8/23/2012
59,63,70,8/22/2012
55,68,10,8/21/2012
81,85,99,8/20/2012
81,58,5,8/19/2012
38,16,53,8/18/2012
22,41,42,8/17/2012
26,10,25,8/16/2012
34,26,5,8/15/2012
67,57,69,8/14/2012
74,18,42,8/13/2012
9,11,67,8/12/2012
74,68,16,8/11/2012
71,30,74,8/10/2012
64,59,28,8/9/2012
38,92,26,8/8/2012
3,50,80,8/7/2012
60,19,63,8/6/2012
18,34,14,8/5/2012
70,54,55,8/4/2012
25,40,70,8/3/2012
4,42,6,8/2/2012
51,60,49,8/1/2012
73,90,66,7/31/2012
64,7,30,7/30/2012
10,76,59,7/29/2012
46,99,58,7/28/2012
8,85,96,7/27/2012
97,27,16,7/26/2012
3,3,91,7/25/2012
57,60,45,7/24/2012
4,13,66,7/23/2012
83,61,60,7/22/2012
2,80,1,7/21/2012
78,25,77,7/20/2012
66,52,30,7/19/2012
73,74,38,7/18/2012
7,82,28,7/17/2012
75,27,93,7/16/2012
55,91,3,7/15/2012
10,49,93,7/14/2012
11,18,56,7/13/2012
46,44,52,7/12/2012
21,13,91,7/11/2012
49,25,16,7/10/2012
36,46,98,7/9/2012
92,45,85,7/8/2012
63,30,49,7/7/2012
79,8,78,7/6/2012
43,74,21,7/5/2012
86,26,90,7/4/2012
75,47,65,7/3/2012
21,51,71,7/1/2012
54,31,26,6/30/2012
82,0,81,6/29/2012
43,44,89,6/28/2012
17,2,13,6/27/2012
2,66,70,6/26/2012
28,70,16,6/25/2012
6,30,10,6/24/2012
19,83,99,6/23/2012
98,52,14,6/22/2012
75,20,52,6/21/2012
22,78,61,6/20/2012
88,77,41,6/19/2012
40,30,62,6/18/2012
84,57,43,6/17/2012
8,68,60,6/16/2012
21,70,70,6/15/2012
78,79,23,6/14/2012
75,7,16,6/13/2012
13,18,10,6/12/2012
98,17,92,6/11/2012
2,67,56,6/10/2012
7,30,34,6/9/2012
28,16,38,6/8/2012
98,91,64,6/7/2012
98,91,64,6/6/2012
39,69,56,6/5/2012
44,84,39,6/4/2012
64,9,11,6/3/2012
93,31,14,6/2/2012
91,41,64,6/1/2012
32,16,75,5/31/2012
71,66,15,5/30/2012
85,55,53,5/29/2012
40,19,1,5/28/2012
93,59,22,5/27/2012
58,2,47,5/26/2012
82,8,66,5/25/2012
75,33,28,5/24/2012
75,0,99,5/23/2012
70,66,76,5/22/2012
67,62,48,5/21/2012
19,79,78,5/20/2012
19,79,78,5/19/2012
19,79,78,5/18/2012
44,85,22,5/17/2012
44,36,0,5/16/2012
59,3,81,5/15/2012
8,53,95,5/14/2012
66,32,99,5/13/2012
67,13,11,5/12/2012
37,34,72,5/11/2012
80,57,26,5/10/2012
56,96,85,5/9/2012
71,21,64,5/8/2012
21,8,8,5/7/2012
29,20,94,5/6/2012
82,82,21,5/5/2012
9,83,24,5/4/2012
42,22,19,5/3/2012
7,50,45,5/2/2012
28,16,93,5/1/2012
58,69,5,4/30/2012
35,22,30,4/29/2012
43,85,88,4/28/2012
9,31,55,4/27/2012
98,75,14,4/26/2012
51,17,0,4/25/2012
2,34,4,4/24/2012
55,22,23,4/23/2012
44,12,50,4/22/2012
62,52,21,4/21/2012
43,87,88,4/20/2012
65,80,27,4/19/2012
36,60,25,4/18/2012
68,96,91,4/17/2012
23,47,36,4/16/2012
33,60,31,4/15/2012
51,82,95,4/14/2012
80,62,53,4/13/2012
77,68,63,4/12/2012
69,52,64,4/11/2012
16,98,74,4/10/2012
60,18,58,4/9/2012
63,95,95,4/8/2012
74,9,53,4/7/2012
74,9,53,4/6/2012
74,9,53,4/5/2012
74,9,53,4/4/2012
43,18,31,4/3/2012
92,99,33,4/2/2012
13,11,17,4/1/2012
47,96,42,3/31/2012
86,62,77,3/30/2012
75,75,54,3/29/2012
84,99,67,3/28/2012
31,55,77,3/27/2012
55,96,27,3/26/2012
38,15,99,3/25/2012
69,96,85,3/24/2012
14,0,75,3/23/2012
64,86,64,3/22/2012
6,71,65,3/21/2012
82,76,54,3/20/2012
27,52,81,3/19/2012
51,87,18,3/18/2012
38,72,92,3/17/2012
40,95,64,3/16/2012
21,64,71,3/15/2012
16,81,10,3/14/2012
33,57,85,3/13/2012
20,84,76,3/12/2012
11,50,75,3/11/2012
51,63,73,3/10/2012
39,95,16,3/9/2012
27,2,5,3/8/2012
1,6,80,3/7/2012
36,58,55,3/6/2012
57,76,79,3/5/2012
30,5,42,3/4/2012
71,51,66,3/3/2012
63,75,25,3/2/2012
64,13,37,3/1/2012
71,31,24,2/29/2012
14,70,48,2/28/2012
31,55,87,2/27/2012
97,86,91,2/26/2012
38,76,32,2/25/2012
72,35,18,2/24/2012
69,18,94,2/23/2012
48,24,56,2/22/2012
57,58,6,2/21/2012
28,70,90,2/20/2012
13,90,46,2/19/2012
9,67,56,2/18/2012
94,5,51,2/17/2012
15,4,71,2/16/2012
14,68,89,2/15/2012
4,45,4,2/14/2012
77,95,7,2/13/2012
56,74,80,2/12/2012
2,76,78,2/11/2012
17,0,6,2/10/2012
33,22,39,2/9/2012
38,4,29,2/8/2012
23,57,92,2/7/2012
14,99,89,2/6/2012
60,81,38,2/5/2012
51,86,98,2/4/2012
54,85,79,2/3/2012
96,96,77,2/2/2012
61,19,94,2/1/2012
40,4,77,1/31/2012
21,80,39,1/30/2012
90,61,56,1/29/2012
30,23,40,1/28/2012
15,91,22,1/27/2012
17,70,80,1/26/2012
18,21,10,1/25/2012
12,95,46,1/24/2012
3,24,99,1/23/2012
63,52,44,1/22/2012
37,26,12,1/21/2012
37,26,12,1/20/2012
74,37,78,1/19/2012
35,26,79,1/18/2012
27,68,82,1/17/2012
59,53,29,1/16/2012
51,34,31,1/15/2012
52,54,84,1/14/2012
50,23,15,1/13/2012
85,21,49,1/12/2012
67,0,56,1/11/2012
94,46,69,1/10/2012
33,89,21,1/9/2012
11,89,1,1/8/2012
52,42,57,1/7/2012
26,2,50,1/6/2012
1,55,35,1/5/2012
93,73,68,1/4/2012
16,18,42,1/3/2012
66,91,39,1/2/2012
64,70,92,1/1/2012
64,70,92,12/31/2011
64,70,92,12/30/2011
11,57,17,12/29/2011
61,54,55,12/28/2011
26,60,28,12/27/2011
20,93,56,12/26/2011
35,98,15,12/25/2011
35,98,15,12/24/2011
35,98,15,12/23/2011
70,36,18,12/22/2011
53,59,92,12/21/2011
37,48,88,12/20/2011
94,99,76,12/19/2011
2,60,33,12/18/2011
99,35,43,12/17/2011
78,80,15,12/16/2011
99,50,16,12/15/2011
3,66,91,12/14/2011
52,81,60,12/13/2011
91,96,41,12/12/2011
73,67,1,12/11/2011
28,65,31,12/10/2011
52,31,14,12/9/2011
94,26,71,12/8/2011
41,28,94,12/7/2011
60,30,92,12/6/2011
15,64,60,12/5/2011
30,2,10,12/4/2011
88,69,14,12/3/2011
24,85,40,12/2/2011
70,9,47,12/1/2011
79,93,2,11/30/2011
98,23,95,11/29/2011
78,84,48,11/28/2011
3,84,97,11/27/2011
19,61,81,11/26/2011
44,56,23,11/25/2011
10,81,31,11/24/2011
68,68,26,11/23/2011
42,84,77,11/22/2011
75,45,82,11/21/2011
98,70,73,11/20/2011
36,53,81,11/19/2011
67,67,83,11/18/2011
86,4,71,11/17/2011
73,30,53,11/16/2011
35,62,26,11/15/2011
70,21,44,11/14/2011
43,14,92,11/13/2011
75,57,97,11/12/2011
70,55,83,11/11/2011
70,84,98,11/10/2011
55,79,83,11/9/2011
49,33,10,11/8/2011
18,14,41,11/7/2011
4,56,42,11/6/2011
37,6,20,11/5/2011
44,88,62,11/4/2011
78,51,28,11/3/2011
90,46,30,11/2/2011
9,60,63,11/1/2011
14,54,79,10/31/2011
29,30,50,10/30/2011
4,99,8,10/29/2011
84,19,58,10/28/2011
1,84,34,10/27/2011
35,53,40,10/26/2011
78,0,27,10/25/2011
58,58,62,10/24/2011
82,27,37,10/23/2011
16,63,76,10/22/2011
31,14,85,10/21/2011
74,4,82,10/20/2011
38,18,31,10/19/2011
67,87,81,10/18/2011
18,26,95,10/17/2011
28,39,54,10/16/2011
8,23,8,10/15/2011
86,29,67,10/14/2011
22,87,77,10/13/2011
98,0,74,10/12/2011
11,53,9,10/11/2011
63,10,38,10/10/2011
93,98,95,10/9/2011
43,38,84,10/8/2011
67,31,13,10/7/2011
64,37,3,10/6/2011
59,16,77,10/5/2011
33,70,4,10/4/2011
82,65,84,10/3/2011
72,15,86,10/2/2011
46,63,82,10/1/2011
91,46,5,9/30/2011
46,10,10,9/29/2011
65,56,47,9/28/2011
37,27,4,9/27/2011
12,89,95,9/26/2011
14,82,36,9/25/2011
42,1,67,9/24/2011
42,1,67,9/23/2011
80,14,57,9/22/2011
43,13,30,9/21/2011
90,70,62,9/20/2011
90,70,62,9/19/2011
90,70,62,9/18/2011
90,70,62,9/17/2011
90,70,62,9/16/2011
90,70,62,9/15/2011
90,70,62,9/14/2011
90,70,62,9/13/2011
90,70,62,9/12/2011
90,70,62,9/11/2011
90,70,62,9/10/2011
90,70,62,9/9/2011
90,70,62,9/8/2011
90,70,62,9/7/2011
90,70,62,9/6/2011
90,70,62,9/5/2011
90,70,62,9/4/2011
90,70,62,9/3/2011
90,70,62,9/2/2011
90,70,62,9/1/2011
90,70,62,8/31/2011
90,70,62,8/30/2011
90,70,62,8/29/2011
90,70,62,8/28/2011
90,70,62,8/27/2011
90,70,62,8/26/2011
90,70,62,8/25/2011
90,70,62,8/24/2011
90,70,62,8/23/2011
90,70,62,8/22/2011
90,70,62,8/21/2011
90,70,62,8/20/2011
90,70,62,8/19/2011
90,70,62,8/18/2011
90,70,62,8/17/2011
90,70,62,8/16/2011
90,70,62,8/15/2011
90,70,62,8/14/2011
90,70,62,8/13/2011
90,70,62,8/12/2011
90,70,62,8/11/2011
90,70,62,8/10/2011
90,70,62,8/9/2011
90,70,62,8/8/2011
90,70,62,8/7/2011
90,70,62,8/6/2011
90,70,62,8/5/2011
90,70,62,8/4/2011
90,70,62,8/3/2011
90,70,62,8/2/2011
90,70,62,8/1/2011
90,70,62,7/31/2011
90,70,62,7/30/2011
90,70,62,7/29/2011
90,70,62,7/28/2011
90,70,62,7/27/2011
90,70,62,7/26/2011
90,70,62,7/25/2011
90,70,62,7/24/2011
90,70,62,7/23/2011
90,70,62,7/22/2011
90,70,62,7/21/2011
90,70,62,7/20/2011
90,70,62,7/19/2011
90,70,62,7/18/2011
90,70,62,7/17/2011
90,70,62,7/16/2011
90,70,62,7/15/2011
90,70,62,7/14/2011
90,70,62,7/13/2011
90,70,62,7/12/2011
90,70,62,7/11/2011
90,70,62,7/10/2011
90,70,62,7/9/2011
90,70,62,7/8/2011
90,70,62,7/7/2011
90,70,62,7/6/2011
90,70,62,7/5/2011
90,70,62,7/4/2011
90,70,62,7/3/2011
90,70,62,7/2/2011
90,70,62,7/1/2011
90,70,62,6/30/2011
90,70,62,6/29/2011
90,70,62,6/28/2011
90,70,62,6/27/2011
90,70,62,6/26/2011
90,70,62,6/25/2011
90,70,62,6/24/2011
90,70,62,6/23/2011
90,70,62,6/22/2011
90,70,62,6/21/2011
90,70,62,6/20/2011
90,70,62,6/19/2011
90,70,62,6/18/2011
90,70,62,6/17/2011
90,70,62,6/16/2011
90,70,62,6/15/2011
90,70,62,6/14/2011
90,70,62,6/13/2011
90,70,62,6/12/2011
90,70,62,6/11/2011
90,70,62,6/10/2011
90,70,62,6/9/2011
90,70,62,6/8/2011
90,70,62,6/7/2011
90,70,62,6/6/2011
90,70,62,6/5/2011
90,70,62,6/4/2011
90,70,62,6/3/2011
90,70,62,6/2/2011
90,70,62,6/1/2011
90,70,62,5/31/2011
90,70,62,5/30/2011
90,70,62,5/29/2011
90,70,62,5/28/2011
90,70,62,5/27/2011
90,70,62,5/26/2011
90,70,62,5/25/2011
90,70,62,5/24/2011
90,70,62,5/23/2011
90,70,62,5/22/2011
90,70,62,5/21/2011
90,70,62,5/20/2011
90,70,62,5/19/2011
90,70,62,5/18/2011
90,70,62,5/17/2011
90,70,62,5/16/2011
90,70,62,5/15/2011
90,70,62,5/14/2011
90,70,62,5/13/2011
90,70,62,5/12/2011
90,70,62,5/11/2011
90,70,62,5/10/2011
90,70,62,5/9/2011
90,70,62,5/8/2011
90,70,62,5/7/2011
90,70,62,5/6/2011
90,70,62,5/5/2011
90,70,62,5/4/2011
90,70,62,5/3/2011
90,70,62,5/2/2011
90,70,62,5/1/2011
90,70,62,4/30/2011
90,70,62,4/29/2011
90,70,62,4/28/2011
90,70,62,4/27/2011
90,70,62,4/26/2011
90,70,62,4/25/2011
90,70,62,4/24/2011
90,70,62,4/23/2011
90,70,62,4/22/2011
90,70,62,4/21/2011
90,70,62,4/20/2011
90,70,62,4/19/2011
90,70,62,4/18/2011
90,70,62,4/17/2011
90,70,62,4/16/2011
90,70,62,4/15/2011
90,70,62,4/14/2011
90,70,62,4/13/2011
90,70,62,4/12/2011
90,70,62,4/11/2011
90,70,62,4/10/2011
90,70,62,4/9/2011
90,70,62,4/8/2011
90,70,62,4/7/2011
90,70,62,4/6/2011
90,70,62,4/5/2011
90,70,62,4/4/2011
90,70,62,4/3/2011
90,70,62,4/2/2011
90,70,62,4/1/2011
90,70,62,3/31/2011
90,70,62,3/30/2011
90,70,62,3/29/2011
90,70,62,3/28/2011
90,70,62,3/27/2011
90,70,62,3/26/2011
90,70,62,3/25/2011
90,70,62,3/24/2011
90,70,62,3/23/2011
90,70,62,3/22/2011
90,70,62,3/21/2011
90,70,62,3/20/2011
90,70,62,3/19/2011
90,70,62,3/18/2011
90,70,62,3/17/2011
90,70,62,3/16/2011
90,70,62,3/15/2011
90,70,62,3/14/2011
90,70,62,3/13/2011
90,70,62,3/12/2011
90,70,62,3/11/2011
90,70,62,3/10/2011
90,70,62,3/9/2011
90,70,62,3/8/2011
90,70,62,3/7/2011
90,70,62,3/6/2011
90,70,62,3/5/2011
90,70,62,3/4/2011
90,70,62,3/3/2011
90,70,62,3/2/2011
90,70,62,3/1/2011
90,70,62,2/28/2011
90,70,62,2/27/2011
90,70,62,2/26/2011
90,70,62,2/25/2011
90,70,62,2/24/2011
90,70,62,2/23/2011
90,70,62,2/22/2011
90,70,62,2/21/2011
90,70,62,2/20/2011
90,70,62,2/19/2011
90,70,62,2/18/2011
90,70,62,2/17/2011
90,70,62,2/16/2011
90,70,62,2/15/2011
90,70,62,2/14/2011
90,70,62,2/13/2011
90,70,62,2/12/2011
90,70,62,2/11/2011
90,70,62,2/10/2011
90,70,62,2/9/2011
90,70,62,2/8/2011
90,70,62,2/7/2011
90,70,62,2/6/2011
90,70,62,2/5/2011
90,70,62,2/4/2011
90,70,62,2/3/2011
90,70,62,2/2/2011
90,70,62,2/1/2011
90,70,62,1/31/2011
90,70,62,1/30/2011
90,70,62,1/29/2011
90,70,62,1/28/2011
90,70,62,1/27/2011
83,75,45,1/26/2011
17,16,10,1/25/2011
28,56,40,1/24/2011
31,19,44,1/23/2011
34,83,26,1/22/2011
96,71,41,1/21/2011
96,71,41,1/20/2011
53,24,61,1/19/2011
6,70,89,1/18/2011
65,79,95,1/17/2011
42,34,61,1/16/2011
14,39,90,1/15/2011
72,59,89,1/14/2011
38,18,1,1/13/2011
12,58,1,1/12/2011
27,27,7,1/11/2011
35,96,11,1/10/2011
84,92,52,1/9/2011
59,48,36,1/8/2011
13,91,27,1/7/2011
63,76,67,1/6/2011
22,81,20,1/5/2011
61,30,15,1/4/2011
77,86,12,1/3/2011
55,68,99,1/2/2011
